{"name": "./results/random_stress/trailNum45_groupNum0.json", "avg_acc": [0.8888888888888888, 0.8888888888888888, 0.8611111111111112, 0.6666666666666666, 0.7222222222222222, 0.6111111111111112, 0.8333333333333334, 0.5, 0.6111111111111112, 0.8333333333333334, 0.6388888888888888, 0.6666666666666666, 0.6666666666666666, 0.8055555555555556], "ids": [5, 33, 36, 29, 31, 12, 20, 24, 38, 4, 27, 34, 18, 21]}