{"name": "./results/random_stress/trailNum43_groupNum1.json", "avg_acc": [0.6111111111111112, 0.8611111111111112, 0.6944444444444444, 0.7, 0.4444444444444444, 0.6944444444444444, 0.75, 0.4444444444444444, 0.6944444444444444, 0.75, 0.8611111111111112, 0.6388888888888888, 0.6944444444444444, 0.7], "ids": [13, 14, 7, 19, 34, 20, 3, 37, 5, 28, 16, 39, 15, 30]}