{"name": "./results/random_stress/trailNum85_groupNum2.json", "avg_acc": [0.8333333333333334, 0.6388888888888888, 0.8333333333333334, 0.7222222222222222, 0.6666666666666666, 0.8611111111111112, 0.6944444444444444, 0.7083333333333334, 0.6944444444444444, 0.6388888888888888, 0.8611111111111112, 0.6944444444444444], "ids": [35, 2, 15, 18, 36, 6, 7, 9, 29, 12, 28, 0]}