{"name": "./results/random_stress/trailNum0_groupNum0.json", "avg_acc": [0.7222222222222222, 0.6388888888888888, 0.8611111111111112, 0.6111111111111112, 0.75, 0.36666666666666664, 0.7333333333333333, 0.8611111111111112, 0.75, 0.8611111111111112, 0.5, 0.6666666666666666, 0.7777777777777778, 0.7666666666666667], "ids": [39, 27, 25, 6, 24, 32, 9, 38, 13, 26, 7, 2, 3, 11]}