{"name": "./results/random_stress/trailNum18_groupNum2.json", "avg_acc": [0.8333333333333334, 0.8888888888888888, 0.8611111111111112, 0.6388888888888888, 0.6944444444444444, 0.6666666666666666, 0.4722222222222222, 0.5555555555555556, 0.6666666666666666, 0.9166666666666666, 0.6388888888888888, 0.5833333333333334], "ids": [8, 20, 34, 5, 31, 6, 19, 32, 7, 14, 2, 9]}