{"name": "./results/random_stress/trailNum14_groupNum0.json", "avg_acc": [0.8888888888888888, 0.8611111111111112, 0.8, 0.4444444444444444, 0.6666666666666666, 0.75, 0.5833333333333334, 0.7777777777777778, 0.8055555555555556, 0.6944444444444444, 0.6944444444444444, 0.6666666666666666, 0.75, 0.8333333333333334], "ids": [18, 23, 19, 28, 14, 5, 15, 25, 38, 37, 10, 32, 24, 1]}