{"name": "./results/random_stress/trailNum7_groupNum2.json", "avg_acc": [0.7222222222222222, 0.75, 0.7222222222222222, 0.6666666666666666, 0.7222222222222222, 0.43333333333333335, 0.7333333333333333, 0.6666666666666666, 0.5277777777777778, 0.6111111111111112, 0.8333333333333334, 0.7222222222222222], "ids": [2, 36, 9, 22, 7, 17, 13, 8, 21, 3, 31, 10]}