{"name": "./results/random_stress/trailNum65_groupNum0.json", "avg_acc": [0.8611111111111112, 0.7222222222222222, 0.6388888888888888, 0.8611111111111112, 0.6944444444444444, 0.5, 0.75, 0.6666666666666666, 0.5555555555555556, 0.6666666666666666, 0.8333333333333334, 0.6944444444444444, 0.8333333333333334, 0.6666666666666666], "ids": [9, 35, 16, 25, 39, 5, 19, 3, 2, 14, 18, 32, 30, 1]}