{"name": "./results/random_stress/trailNum93_groupNum1.json", "avg_acc": [0.75, 0.6666666666666666, 0.8333333333333334, 0.6111111111111112, 0.7, 0.8611111111111112, 0.7222222222222222, 0.6944444444444444, 0.7083333333333334, 0.7777777777777778, 0.7222222222222222, 0.5277777777777778, 0.8611111111111112, 0.6388888888888888], "ids": [15, 2, 23, 6, 17, 36, 3, 7, 27, 18, 12, 35, 10, 20]}