{"name": "./results/random_stress/trailNum55_groupNum0.json", "avg_acc": [0.7222222222222222, 0.8611111111111112, 0.8666666666666667, 0.8333333333333334, 0.5833333333333334, 0.6666666666666666, 0.6111111111111112, 0.7222222222222222, 0.7222222222222222, 0.6388888888888888, 0.8611111111111112, 0.9166666666666666, 0.8333333333333334, 0.8333333333333334], "ids": [37, 23, 6, 25, 3, 10, 15, 18, 31, 12, 30, 19, 29, 38]}