{"name": "./results/random_stress/trailNum84_groupNum1.json", "avg_acc": [0.8888888888888888, 0.8333333333333334, 0.7222222222222222, 0.5666666666666667, 0.7777777777777778, 0.5555555555555556, 0.75, 0.7777777777777778, 0.8055555555555556, 0.6944444444444444, 0.8055555555555556, 0.7222222222222222, 0.6111111111111112, 0.6333333333333333], "ids": [11, 26, 34, 1, 28, 23, 30, 9, 16, 0, 33, 19, 39, 20]}