{"name": "./results/random_stress/trailNum9_groupNum1.json", "avg_acc": [0.9166666666666666, 0.9166666666666666, 0.6944444444444444, 0.9166666666666666, 0.75, 0.7777777777777778, 0.7666666666666667, 0.5, 0.6388888888888888, 0.8333333333333334, 0.75, 0.6111111111111112, 0.75, 0.8055555555555556], "ids": [0, 10, 1, 2, 27, 24, 7, 23, 17, 4, 11, 9, 37, 38]}