{"name": "./results/random_stress/trailNum68_groupNum0.json", "avg_acc": [0.6944444444444444, 0.6388888888888888, 0.8333333333333334, 0.8611111111111112, 0.6944444444444444, 0.5555555555555556, 0.7222222222222222, 0.5555555555555556, 0.6666666666666666, 0.6666666666666666, 0.8333333333333334, 0.6666666666666666, 0.7777777777777778, 0.7], "ids": [38, 32, 2, 9, 4, 35, 15, 3, 20, 39, 36, 5, 21, 28]}