{"name": "./results/random_stress/trailNum64_groupNum1.json", "avg_acc": [0.8055555555555556, 0.8888888888888888, 0.5277777777777778, 0.7222222222222222, 0.5333333333333333, 0.4166666666666667, 0.6666666666666666, 0.8055555555555556, 0.6666666666666666, 0.5555555555555556, 0.7222222222222222, 0.6944444444444444, 0.8611111111111112, 0.6666666666666666], "ids": [1, 25, 33, 8, 14, 35, 24, 28, 4, 27, 9, 15, 11, 39]}