{"name": "./results/random_stress/trailNum13_groupNum2.json", "avg_acc": [0.7777777777777778, 0.8611111111111112, 0.8, 0.8611111111111112, 0.6388888888888888, 0.6388888888888888, 0.6944444444444444, 0.8055555555555556, 0.5833333333333334, 0.5555555555555556, 0.9166666666666666, 0.7], "ids": [21, 12, 26, 29, 1, 35, 10, 25, 39, 22, 4, 27]}