{"name": "./results/random_stress/trailNum23_groupNum0.json", "avg_acc": [0.6666666666666666, 0.6666666666666666, 0.4666666666666667, 0.8055555555555556, 0.7666666666666667, 0.7083333333333334, 0.6666666666666666, 0.7777777777777778, 0.7222222222222222, 0.5277777777777778, 0.8888888888888888, 0.6944444444444444, 0.8888888888888888, 0.6944444444444444], "ids": [23, 11, 12, 18, 31, 2, 35, 29, 13, 24, 19, 37, 3, 32]}