{"name": "./results/random_stress/trailNum51_groupNum1.json", "avg_acc": [0.8611111111111112, 0.9166666666666666, 0.8611111111111112, 0.6944444444444444, 0.8, 0.5333333333333333, 0.8888888888888888, 0.8055555555555556, 0.6111111111111112, 0.7777777777777778, 0.8333333333333334, 0.7222222222222222, 0.75, 0.8055555555555556], "ids": [10, 16, 11, 38, 9, 6, 36, 0, 4, 12, 30, 21, 25, 32]}