{"name": "./results/random_stress/trailNum44_groupNum0.json", "avg_acc": [0.8611111111111112, 0.8611111111111112, 0.6944444444444444, 0.7666666666666667, 0.6111111111111112, 0.6666666666666666, 0.6111111111111112, 0.7777777777777778, 0.6944444444444444, 0.8055555555555556, 0.6666666666666666, 0.8611111111111112, 0.7222222222222222, 0.8055555555555556], "ids": [0, 26, 13, 30, 38, 20, 19, 4, 18, 37, 28, 23, 8, 15]}