{"name": "./results/random_stress/trailNum41_groupNum1.json", "avg_acc": [0.8611111111111112, 0.6388888888888888, 0.6944444444444444, 0.7777777777777778, 0.5333333333333333, 0.8333333333333334, 0.8, 0.6944444444444444, 0.6666666666666666, 0.6111111111111112, 0.7222222222222222, 0.7222222222222222, 0.7777777777777778, 0.8055555555555556], "ids": [28, 7, 22, 8, 12, 9, 11, 13, 1, 33, 18, 17, 38, 24]}