{"name": "./results/random_stress/trailNum34_groupNum1.json", "avg_acc": [0.6388888888888888, 0.8611111111111112, 0.6111111111111112, 0.7222222222222222, 0.6, 0.7333333333333333, 0.7777777777777778, 0.5833333333333334, 0.7916666666666666, 0.6944444444444444, 0.8333333333333334, 0.9166666666666666, 0.6944444444444444, 0.6666666666666666], "ids": [10, 13, 30, 8, 16, 20, 3, 5, 34, 7, 18, 17, 24, 36]}