{"name": "./results/random_stress/trailNum70_groupNum2.json", "avg_acc": [0.6944444444444444, 0.6388888888888888, 0.5555555555555556, 0.7222222222222222, 0.5666666666666667, 0.5555555555555556, 0.7777777777777778, 0.7777777777777778, 0.6944444444444444, 0.6944444444444444, 0.6111111111111112, 0.8611111111111112], "ids": [10, 3, 31, 7, 35, 26, 8, 34, 9, 32, 33, 21]}