{"name": "./results/random_stress/trailNum82_groupNum0.json", "avg_acc": [0.8888888888888888, 0.9444444444444444, 0.8333333333333334, 0.7222222222222222, 0.7, 0.7777777777777778, 0.5277777777777778, 0.5833333333333334, 0.8888888888888888, 0.8888888888888888, 0.6944444444444444, 0.5833333333333334, 0.75, 0.8055555555555556], "ids": [4, 36, 30, 10, 0, 9, 34, 33, 21, 5, 31, 27, 38, 15]}