{"name": "./results/random_stress/trailNum88_groupNum2.json", "avg_acc": [0.6666666666666666, 0.8611111111111112, 0.8333333333333334, 0.8611111111111112, 0.6944444444444444, 0.75, 0.7777777777777778, 0.6111111111111112, 0.7777777777777778, 0.8055555555555556, 0.8611111111111112, 0.7777777777777778], "ids": [37, 6, 15, 24, 4, 18, 22, 3, 5, 20, 35, 31]}