{"name": "./results/random_stress/trailNum12_groupNum1.json", "avg_acc": [0.8611111111111112, 0.8611111111111112, 0.8333333333333334, 0.4, 0.7333333333333333, 0.6388888888888888, 0.6944444444444444, 0.8055555555555556, 0.6666666666666666, 0.75, 0.8333333333333334, 0.5833333333333334, 0.8611111111111112, 0.8333333333333334], "ids": [35, 6, 17, 24, 0, 11, 22, 29, 4, 20, 38, 19, 13, 23]}