{"name": "./results/random_stress/trailNum82_groupNum2.json", "avg_acc": [0.7222222222222222, 0.5, 0.8333333333333334, 0.7777777777777778, 0.4722222222222222, 0.6944444444444444, 0.5833333333333334, 0.75, 0.7222222222222222, 0.6944444444444444, 0.6111111111111112, 0.7333333333333333], "ids": [29, 39, 24, 23, 22, 19, 20, 12, 28, 11, 2, 16]}