{"name": "./results/random_stress/trailNum62_groupNum0.json", "avg_acc": [0.36666666666666664, 0.7777777777777778, 0.7, 0.7222222222222222, 0.7222222222222222, 0.8333333333333334, 0.8055555555555556, 0.5, 0.8611111111111112, 0.7777777777777778, 0.6111111111111112, 0.7222222222222222, 0.8333333333333334, 0.8333333333333334], "ids": [39, 33, 11, 26, 17, 15, 13, 34, 24, 12, 31, 38, 36, 27]}