{"name": "./results/random_stress/trailNum75_groupNum0.json", "avg_acc": [0.6111111111111112, 0.8333333333333334, 0.8333333333333334, 0.625, 0.5555555555555556, 0.7777777777777778, 0.7777777777777778, 0.8055555555555556, 0.8888888888888888, 0.7222222222222222, 0.6944444444444444, 0.8611111111111112, 0.7222222222222222, 0.7], "ids": [24, 23, 26, 2, 33, 35, 18, 4, 31, 21, 32, 5, 39, 36]}