{"name": "./results/random_stress/trailNum20_groupNum0.json", "avg_acc": [0.6944444444444444, 0.8333333333333334, 0.8333333333333334, 0.6111111111111112, 0.8611111111111112, 0.7333333333333333, 0.4722222222222222, 0.6666666666666666, 0.7083333333333334, 0.8055555555555556, 0.5833333333333334, 0.8333333333333334, 0.8055555555555556, 0.7], "ids": [24, 27, 4, 8, 17, 12, 3, 18, 6, 14, 13, 37, 39, 38]}