{"name": "./results/random_stress/trailNum32_groupNum0.json", "avg_acc": [0.6944444444444444, 0.8611111111111112, 0.4722222222222222, 0.5833333333333334, 0.6666666666666666, 0.75, 0.75, 0.8888888888888888, 0.6944444444444444, 0.9166666666666666, 0.6666666666666666, 0.75, 0.8333333333333334, 0.7333333333333333], "ids": [14, 23, 30, 9, 12, 29, 25, 36, 24, 39, 26, 38, 22, 34]}