{"name": "./results/random_stress/trailNum81_groupNum1.json", "avg_acc": [0.8611111111111112, 0.8055555555555556, 0.8611111111111112, 0.6944444444444444, 0.8055555555555556, 0.6666666666666666, 0.6666666666666666, 0.6666666666666666, 0.6666666666666666, 0.6666666666666666, 0.75, 0.7222222222222222, 0.75, 0.8333333333333334], "ids": [35, 25, 12, 16, 0, 15, 33, 18, 28, 1, 32, 31, 17, 22]}