{"name": "./results/random_stress/trailNum71_groupNum1.json", "avg_acc": [0.7777777777777778, 0.8888888888888888, 0.8611111111111112, 0.6944444444444444, 0.6666666666666666, 0.6666666666666666, 0.5, 0.7333333333333333, 0.7222222222222222, 0.5833333333333334, 0.7777777777777778, 0.6666666666666666, 0.8055555555555556, 0.6111111111111112], "ids": [22, 6, 15, 23, 13, 9, 33, 11, 37, 2, 8, 28, 7, 5]}