{"name": "./results/random_stress/trailNum56_groupNum0.json", "avg_acc": [0.6944444444444444, 0.8333333333333334, 0.6111111111111112, 0.7666666666666667, 0.5666666666666667, 0.6111111111111112, 0.6388888888888888, 0.8055555555555556, 0.6111111111111112, 0.7222222222222222, 0.6944444444444444, 0.6111111111111112, 0.6388888888888888, 0.8611111111111112], "ids": [23, 32, 11, 15, 20, 17, 3, 27, 22, 10, 25, 8, 6, 35]}