{"name": "./results/random_stress/trailNum78_groupNum1.json", "avg_acc": [0.8888888888888888, 0.8888888888888888, 0.8611111111111112, 0.5, 0.6388888888888888, 0.6944444444444444, 0.6388888888888888, 0.6388888888888888, 0.8055555555555556, 0.6944444444444444, 0.8611111111111112, 0.8611111111111112, 0.6944444444444444, 0.8611111111111112], "ids": [20, 23, 33, 22, 28, 14, 21, 0, 19, 31, 30, 35, 1, 6]}