{"name": "./results/random_stress/trailNum35_groupNum2.json", "avg_acc": [0.7777777777777778, 0.6944444444444444, 0.8333333333333334, 0.7222222222222222, 0.6666666666666666, 0.5555555555555556, 0.8333333333333334, 0.5833333333333334, 0.8611111111111112, 0.8333333333333334, 0.6944444444444444, 0.7333333333333333], "ids": [9, 1, 27, 21, 5, 30, 36, 2, 39, 35, 26, 17]}