{"name": "./results/random_stress/trailNum27_groupNum2.json", "avg_acc": [0.7777777777777778, 0.5555555555555556, 0.75, 0.7333333333333333, 0.9166666666666666, 0.4166666666666667, 0.7222222222222222, 0.8333333333333334, 0.6111111111111112, 0.6666666666666666, 0.8333333333333334, 0.7777777777777778], "ids": [27, 14, 10, 32, 5, 36, 26, 7, 12, 25, 35, 9]}