{"name": "./results/random_stress/trailNum63_groupNum0.json", "avg_acc": [0.8055555555555556, 0.6388888888888888, 0.8888888888888888, 0.8055555555555556, 0.8333333333333334, 0.6388888888888888, 0.5333333333333333, 0.6111111111111112, 0.75, 0.8055555555555556, 0.7777777777777778, 0.6111111111111112, 0.6666666666666666, 0.7], "ids": [29, 7, 39, 16, 3, 1, 20, 5, 15, 24, 32, 11, 6, 4]}