{"name": "./results/random_stress/trailNum67_groupNum2.json", "avg_acc": [0.5555555555555556, 0.8611111111111112, 0.8611111111111112, 0.7, 0.5555555555555556, 0.8333333333333334, 0.5555555555555556, 0.6388888888888888, 0.5555555555555556, 0.6666666666666666, 0.7222222222222222, 0.7666666666666667], "ids": [13, 6, 5, 29, 27, 39, 32, 3, 19, 33, 28, 24]}