{"name": "./results/random_stress/trailNum15_groupNum1.json", "avg_acc": [0.7777777777777778, 0.8888888888888888, 0.6388888888888888, 0.7, 0.7, 0.6388888888888888, 0.6666666666666666, 0.5277777777777778, 0.6388888888888888, 0.8611111111111112, 0.6666666666666666, 0.5833333333333334, 0.6111111111111112, 0.7222222222222222], "ids": [13, 1, 37, 24, 17, 4, 19, 25, 7, 15, 10, 28, 22, 29]}