{"name": "./results/random_stress/trailNum33_groupNum1.json", "avg_acc": [0.8888888888888888, 0.8611111111111112, 0.7777777777777778, 0.6944444444444444, 0.8333333333333334, 0.75, 0.7666666666666667, 0.6666666666666666, 0.7777777777777778, 0.75, 0.6388888888888888, 0.8055555555555556, 0.8611111111111112, 0.6944444444444444], "ids": [16, 23, 15, 0, 13, 22, 1, 31, 32, 3, 6, 20, 9, 2]}