{"name": "./results/random_stress/trailNum91_groupNum1.json", "avg_acc": [0.8611111111111112, 0.8611111111111112, 0.8333333333333334, 0.6944444444444444, 0.8888888888888888, 0.7333333333333333, 0.75, 0.7222222222222222, 0.6666666666666666, 0.6944444444444444, 0.4722222222222222, 0.6666666666666666, 0.7222222222222222, 0.8055555555555556], "ids": [38, 4, 28, 37, 32, 0, 20, 25, 8, 6, 13, 12, 29, 23]}