{"name": "./results/random_stress/trailNum47_groupNum1.json", "avg_acc": [0.6944444444444444, 0.6944444444444444, 0.8611111111111112, 0.3888888888888889, 0.8333333333333334, 0.6944444444444444, 0.75, 0.6666666666666666, 0.6111111111111112, 0.7777777777777778, 0.8055555555555556, 0.75, 0.5555555555555556, 0.6333333333333333], "ids": [17, 9, 20, 22, 30, 12, 31, 33, 39, 14, 16, 34, 3, 18]}