{"name": "./results/random_stress/trailNum35_groupNum1.json", "avg_acc": [0.8333333333333334, 0.75, 0.8888888888888888, 0.8055555555555556, 0.6111111111111112, 0.7222222222222222, 0.4722222222222222, 0.7222222222222222, 0.8333333333333334, 0.75, 0.6944444444444444, 0.5, 0.6944444444444444, 0.6666666666666666], "ids": [34, 29, 16, 0, 4, 3, 6, 14, 7, 18, 15, 22, 37, 8]}