{"name": "./results/random_stress/trailNum69_groupNum1.json", "avg_acc": [0.6944444444444444, 0.6944444444444444, 0.8611111111111112, 0.7777777777777778, 0.5666666666666667, 0.6666666666666666, 0.6666666666666666, 0.5833333333333334, 0.6388888888888888, 0.6666666666666666, 0.8055555555555556, 0.8333333333333334, 0.6666666666666666, 0.75], "ids": [35, 10, 33, 27, 2, 3, 8, 32, 36, 29, 15, 5, 38, 17]}