{"name": "./results/random_stress/trailNum46_groupNum2.json", "avg_acc": [0.8333333333333334, 0.75, 0.8611111111111112, 0.6944444444444444, 0.6666666666666666, 0.5, 0.75, 0.6944444444444444, 0.7222222222222222, 0.6666666666666666, 0.7777777777777778, 0.6333333333333333], "ids": [28, 34, 4, 19, 0, 15, 33, 39, 2, 23, 17, 35]}