{"name": "./results/random_stress/trailNum10_groupNum1.json", "avg_acc": [0.8611111111111112, 0.8888888888888888, 0.75, 0.8, 0.6, 0.4444444444444444, 0.8333333333333334, 0.6666666666666666, 0.7222222222222222, 0.6666666666666666, 0.7777777777777778, 0.7222222222222222, 0.6111111111111112, 0.75], "ids": [37, 9, 4, 14, 23, 10, 11, 34, 16, 1, 26, 32, 20, 25]}