{"name": "./results/random_stress/trailNum51_groupNum0.json", "avg_acc": [0.6666666666666666, 0.6666666666666666, 0.5277777777777778, 0.5555555555555556, 0.7222222222222222, 0.8055555555555556, 0.5833333333333334, 0.5833333333333334, 0.5555555555555556, 0.8333333333333334, 0.75, 0.6388888888888888, 0.75, 0.7333333333333333], "ids": [24, 31, 27, 15, 33, 7, 28, 34, 37, 39, 29, 22, 19, 23]}