{"name": "./results/random_stress/trailNum66_groupNum2.json", "avg_acc": [0.8611111111111112, 0.8611111111111112, 0.6666666666666666, 0.8, 0.75, 0.6666666666666666, 0.75, 0.6111111111111112, 0.6111111111111112, 0.8055555555555556, 0.8333333333333334, 0.6666666666666666], "ids": [39, 15, 20, 22, 10, 0, 30, 9, 27, 17, 4, 35]}