{"name": "./results/random_stress/trailNum89_groupNum1.json", "avg_acc": [0.7333333333333333, 0.5333333333333333, 0.6666666666666666, 0.5, 0.5833333333333334, 0.5833333333333334, 0.9444444444444444, 0.7222222222222222, 0.7777777777777778, 0.5277777777777778, 0.6388888888888888, 0.5833333333333334, 0.8888888888888888, 0.6666666666666666], "ids": [24, 35, 39, 15, 21, 27, 28, 10, 25, 34, 26, 14, 13, 11]}