{"name": "./results/random_stress/trailNum44_groupNum2.json", "avg_acc": [0.8888888888888888, 0.9166666666666666, 0.6944444444444444, 0.7666666666666667, 0.5666666666666667, 0.8611111111111112, 0.8333333333333334, 0.6111111111111112, 0.4444444444444444, 0.8611111111111112, 0.75, 0.9166666666666666], "ids": [5, 11, 29, 7, 33, 21, 12, 35, 16, 1, 10, 31]}