{"name": "./results/random_stress/trailNum89_groupNum2.json", "avg_acc": [0.9444444444444444, 0.8888888888888888, 0.6111111111111112, 0.7777777777777778, 0.8055555555555556, 0.6944444444444444, 0.6111111111111112, 0.6388888888888888, 0.8611111111111112, 0.5833333333333334, 0.6666666666666666, 0.6388888888888888], "ids": [19, 0, 5, 16, 7, 32, 36, 23, 9, 17, 22, 29]}