{"name": "./results/random_stress/trailNum4_groupNum1.json", "avg_acc": [0.8333333333333334, 0.5833333333333334, 0.6944444444444444, 0.7, 0.5666666666666667, 0.7777777777777778, 0.7916666666666666, 0.6388888888888888, 0.75, 0.6111111111111112, 0.7777777777777778, 0.7222222222222222, 0.6666666666666666, 0.7222222222222222], "ids": [11, 10, 19, 1, 12, 33, 32, 37, 18, 9, 8, 23, 20, 21]}