{"name": "./results/random_stress/trailNum56_groupNum2.json", "avg_acc": [0.8333333333333334, 0.8055555555555556, 0.8333333333333334, 0.8333333333333334, 0.8611111111111112, 0.6666666666666666, 0.6111111111111112, 0.8333333333333334, 0.5833333333333334, 0.6944444444444444, 0.8055555555555556, 0.7666666666666667], "ids": [29, 39, 28, 12, 34, 38, 1, 31, 2, 37, 0, 5]}