{"name": "./results/random_stress/trailNum29_groupNum1.json", "avg_acc": [0.8333333333333334, 0.6666666666666666, 0.7, 0.6944444444444444, 0.8055555555555556, 0.6666666666666666, 0.5833333333333334, 0.5833333333333334, 0.5555555555555556, 0.6666666666666666, 0.6666666666666666, 0.8055555555555556, 0.6666666666666666, 0.6666666666666666], "ids": [27, 18, 7, 22, 1, 19, 39, 32, 36, 13, 16, 21, 15, 33]}