{"name": "./results/random_stress/trailNum15_groupNum2.json", "avg_acc": [0.8611111111111112, 0.8888888888888888, 0.5666666666666667, 0.8611111111111112, 0.5, 0.7083333333333334, 0.7222222222222222, 0.5, 0.8611111111111112, 0.6666666666666666, 0.5555555555555556, 0.6333333333333333], "ids": [27, 6, 33, 31, 32, 39, 12, 26, 0, 14, 11, 18]}