{"name": "./results/random_stress/trailNum36_groupNum2.json", "avg_acc": [0.8611111111111112, 0.8, 0.8888888888888888, 0.7666666666666667, 0.4166666666666667, 0.5555555555555556, 0.6388888888888888, 0.6944444444444444, 0.8333333333333334, 0.5555555555555556, 0.6944444444444444, 0.6388888888888888], "ids": [30, 12, 6, 36, 22, 13, 37, 14, 19, 28, 10, 34]}