{"name": "./results/random_stress/trailNum77_groupNum2.json", "avg_acc": [0.8333333333333334, 0.7777777777777778, 0.6388888888888888, 0.8888888888888888, 0.6944444444444444, 0.7222222222222222, 0.6111111111111112, 0.75, 0.75, 0.8333333333333334, 0.6388888888888888, 0.7], "ids": [25, 20, 31, 39, 22, 17, 5, 23, 12, 34, 8, 0]}