{"name": "./results/random_stress/trailNum76_groupNum2.json", "avg_acc": [0.6111111111111112, 0.6944444444444444, 0.9166666666666666, 0.4166666666666667, 0.7916666666666666, 0.5833333333333334, 0.8611111111111112, 0.8055555555555556, 0.6666666666666666, 0.5277777777777778, 0.8611111111111112, 0.6944444444444444], "ids": [24, 9, 14, 35, 7, 12, 36, 32, 21, 34, 30, 18]}