{"name": "./results/random_stress/trailNum97_groupNum2.json", "avg_acc": [0.8333333333333334, 0.8888888888888888, 0.6666666666666666, 0.8888888888888888, 0.6944444444444444, 0.75, 0.5833333333333334, 0.75, 0.75, 0.6666666666666666, 0.7222222222222222, 0.7777777777777778], "ids": [17, 26, 18, 25, 29, 4, 19, 33, 38, 0, 12, 7]}