{"name": "./results/random_stress/trailNum26_groupNum1.json", "avg_acc": [0.9444444444444444, 0.8611111111111112, 0.6944444444444444, 0.4666666666666667, 0.7333333333333333, 0.5555555555555556, 0.6388888888888888, 0.6388888888888888, 0.6388888888888888, 0.8611111111111112, 0.8611111111111112, 0.6944444444444444, 0.8888888888888888, 0.6944444444444444], "ids": [37, 33, 3, 28, 11, 30, 21, 31, 13, 35, 1, 22, 29, 0]}