{"name": "./results/random_stress/trailNum40_groupNum2.json", "avg_acc": [0.6388888888888888, 0.6666666666666666, 0.9166666666666666, 0.4722222222222222, 0.5833333333333334, 0.6388888888888888, 0.8055555555555556, 0.6111111111111112, 0.6388888888888888, 0.8611111111111112, 0.7222222222222222, 0.7], "ids": [14, 9, 19, 37, 39, 33, 28, 25, 12, 3, 35, 26]}