{"name": "./results/random_stress/trailNum1_groupNum0.json", "avg_acc": [0.8888888888888888, 0.8888888888888888, 0.6666666666666666, 0.6666666666666666, 0.4722222222222222, 0.7777777777777778, 0.5833333333333334, 0.6944444444444444, 0.8333333333333334, 0.5555555555555556, 0.7222222222222222, 0.6944444444444444, 0.5555555555555556, 0.8055555555555556], "ids": [34, 14, 4, 26, 19, 27, 1, 28, 8, 7, 16, 38, 25, 32]}