{"name": "./results/random_stress/trailNum24_groupNum2.json", "avg_acc": [0.8333333333333334, 0.5833333333333334, 0.8, 0.4666666666666667, 0.8611111111111112, 0.3888888888888889, 0.75, 0.8888888888888888, 0.6944444444444444, 0.8055555555555556, 0.7777777777777778, 0.7], "ids": [8, 35, 30, 12, 10, 33, 20, 4, 38, 39, 11, 14]}