{"name": "./results/random_stress/trailNum43_groupNum0.json", "avg_acc": [0.8611111111111112, 0.75, 0.7777777777777778, 0.6111111111111112, 0.7222222222222222, 0.4666666666666667, 0.6666666666666666, 0.7916666666666666, 0.6111111111111112, 0.8611111111111112, 0.7777777777777778, 0.8055555555555556, 0.7777777777777778, 0.7777777777777778], "ids": [2, 4, 1, 8, 23, 24, 9, 11, 18, 38, 33, 21, 26, 17]}