{"name": "./results/random_stress/trailNum91_groupNum0.json", "avg_acc": [0.75, 0.6388888888888888, 0.6944444444444444, 0.7, 0.5, 0.5277777777777778, 0.7222222222222222, 0.8055555555555556, 0.6666666666666666, 0.5, 0.8055555555555556, 0.6388888888888888, 0.6944444444444444, 0.8055555555555556], "ids": [15, 14, 27, 3, 33, 30, 16, 10, 7, 17, 24, 19, 2, 11]}