{"name": "./results/random_stress/trailNum68_groupNum1.json", "avg_acc": [0.8055555555555556, 0.6111111111111112, 0.6111111111111112, 0.4, 0.8611111111111112, 0.8, 0.4166666666666667, 0.8333333333333334, 0.6388888888888888, 0.6666666666666666, 0.7222222222222222, 0.8333333333333334, 0.6666666666666666, 0.6944444444444444], "ids": [0, 7, 34, 30, 16, 13, 29, 17, 11, 18, 14, 8, 12, 37]}