{"name": "./results/random_stress/trailNum39_groupNum0.json", "avg_acc": [0.8333333333333334, 0.8611111111111112, 0.5833333333333334, 0.75, 0.75, 0.7222222222222222, 0.5833333333333334, 0.5833333333333334, 0.7222222222222222, 0.7777777777777778, 0.5833333333333334, 0.6111111111111112, 0.7222222222222222, 0.8], "ids": [26, 15, 27, 4, 39, 29, 21, 23, 22, 38, 16, 6, 8, 20]}