{"name": "./results/random_stress/trailNum20_groupNum1.json", "avg_acc": [0.8333333333333334, 0.8611111111111112, 0.75, 0.6, 0.6388888888888888, 0.8055555555555556, 0.6111111111111112, 0.6944444444444444, 0.7777777777777778, 0.75, 0.6944444444444444, 0.5555555555555556, 0.7222222222222222, 0.7222222222222222], "ids": [23, 28, 20, 34, 1, 16, 25, 36, 29, 5, 11, 9, 19, 15]}