{"name": "./results/random_stress/trailNum94_groupNum2.json", "avg_acc": [0.8611111111111112, 0.6944444444444444, 0.7333333333333333, 0.5, 0.8611111111111112, 0.5, 0.6111111111111112, 0.75, 0.6388888888888888, 0.6666666666666666, 0.7777777777777778, 0.6666666666666666], "ids": [26, 38, 39, 14, 27, 16, 19, 22, 33, 4, 13, 9]}