{"name": "./results/random_stress/trailNum37_groupNum1.json", "avg_acc": [0.6111111111111112, 0.6666666666666666, 0.7222222222222222, 0.75, 0.7222222222222222, 0.8055555555555556, 0.7777777777777778, 0.8611111111111112, 0.8888888888888888, 0.8055555555555556, 0.8611111111111112, 0.6944444444444444, 0.8333333333333334, 0.7333333333333333], "ids": [24, 31, 8, 30, 18, 35, 37, 26, 39, 3, 25, 20, 36, 15]}