{"name": "./results/random_stress/trailNum97_groupNum1.json", "avg_acc": [0.8888888888888888, 0.75, 0.4666666666666667, 0.7, 0.6666666666666666, 0.7777777777777778, 0.7777777777777778, 0.8611111111111112, 0.6944444444444444, 0.8888888888888888, 0.8333333333333334, 0.6666666666666666, 0.6388888888888888, 0.6666666666666666], "ids": [15, 39, 9, 13, 32, 28, 34, 16, 30, 11, 31, 20, 5, 24]}