{"name": "./results/random_stress/trailNum29_groupNum0.json", "avg_acc": [0.8611111111111112, 0.6388888888888888, 0.6111111111111112, 0.9444444444444444, 0.7222222222222222, 0.7333333333333333, 0.75, 0.8055555555555556, 0.6944444444444444, 0.8333333333333334, 0.5833333333333334, 0.8611111111111112, 0.75, 0.8055555555555556], "ids": [25, 3, 29, 38, 37, 10, 24, 9, 2, 0, 26, 35, 4, 20]}