{"name": "./results/random_stress/trailNum75_groupNum1.json", "avg_acc": [0.8333333333333334, 0.5833333333333334, 0.6388888888888888, 0.7333333333333333, 0.6666666666666666, 0.4722222222222222, 0.6666666666666666, 0.75, 0.6944444444444444, 0.5833333333333334, 0.6666666666666666, 0.6666666666666666, 0.5555555555555556, 0.7222222222222222], "ids": [20, 10, 14, 13, 7, 9, 6, 34, 22, 15, 27, 37, 28, 17]}