{"name": "./results/random_stress/trailNum36_groupNum0.json", "avg_acc": [0.8611111111111112, 0.8611111111111112, 0.6944444444444444, 0.8611111111111112, 0.8333333333333334, 0.6944444444444444, 0.7222222222222222, 0.7083333333333334, 0.75, 0.5833333333333334, 0.8055555555555556, 0.5833333333333334, 0.6944444444444444, 0.7777777777777778], "ids": [20, 29, 18, 21, 5, 3, 33, 17, 4, 32, 24, 1, 15, 0]}