{"name": "./results/random_stress/trailNum16_groupNum0.json", "avg_acc": [0.8333333333333334, 0.8333333333333334, 0.7333333333333333, 0.6111111111111112, 0.7222222222222222, 0.7083333333333334, 0.5555555555555556, 0.7777777777777778, 0.75, 0.6111111111111112, 0.7222222222222222, 0.7222222222222222, 0.7222222222222222, 0.7333333333333333], "ids": [19, 1, 33, 39, 15, 29, 6, 10, 16, 27, 24, 28, 18, 25]}