{"name": "./results/random_stress/trailNum37_groupNum0.json", "avg_acc": [0.8888888888888888, 0.8333333333333334, 0.7777777777777778, 0.8611111111111112, 0.8055555555555556, 0.6666666666666666, 0.5, 0.5555555555555556, 0.5833333333333334, 0.5833333333333334, 0.7222222222222222, 0.6388888888888888, 0.75, 0.6111111111111112], "ids": [14, 32, 34, 4, 1, 2, 7, 28, 6, 22, 19, 27, 0, 33]}