{"name": "./results/random_stress/trailNum31_groupNum0.json", "avg_acc": [0.6666666666666666, 0.6944444444444444, 0.75, 0.7222222222222222, 0.8611111111111112, 0.5, 0.7083333333333334, 0.8055555555555556, 0.8333333333333334, 0.5277777777777778, 0.8055555555555556, 0.6666666666666666, 0.7222222222222222, 0.7777777777777778], "ids": [2, 18, 26, 15, 35, 24, 12, 7, 33, 9, 8, 30, 32, 27]}