{"name": "./results/random_stress/trailNum97_groupNum0.json", "avg_acc": [0.8888888888888888, 0.6944444444444444, 0.75, 0.9166666666666666, 0.6388888888888888, 0.7333333333333333, 0.5, 0.6111111111111112, 0.6111111111111112, 0.7777777777777778, 0.4166666666666667, 0.8611111111111112, 0.5833333333333334, 0.7222222222222222], "ids": [3, 35, 23, 1, 22, 10, 8, 37, 14, 27, 2, 21, 6, 36]}