{"name": "./results/random_stress/trailNum99_groupNum2.json", "avg_acc": [0.8888888888888888, 0.9166666666666666, 0.6944444444444444, 0.6333333333333333, 0.6666666666666666, 0.75, 0.8055555555555556, 0.6388888888888888, 0.8055555555555556, 0.6944444444444444, 0.6388888888888888, 0.8055555555555556], "ids": [1, 24, 23, 28, 5, 25, 33, 9, 38, 26, 10, 21]}