{"name": "./results/random_stress/trailNum83_groupNum2.json", "avg_acc": [0.8055555555555556, 0.8611111111111112, 0.8333333333333334, 0.8055555555555556, 0.6111111111111112, 0.7916666666666666, 0.8333333333333334, 0.7222222222222222, 0.5555555555555556, 0.75, 0.8333333333333334, 0.6666666666666666], "ids": [5, 6, 1, 18, 25, 27, 39, 37, 17, 16, 20, 33]}