{"name": "./results/random_stress/trailNum63_groupNum1.json", "avg_acc": [0.7777777777777778, 0.6388888888888888, 0.7222222222222222, 0.7, 0.5833333333333334, 0.5555555555555556, 0.7777777777777778, 0.6944444444444444, 0.8333333333333334, 0.4722222222222222, 0.6666666666666666, 0.8888888888888888, 0.75, 0.7777777777777778], "ids": [27, 22, 8, 2, 9, 21, 23, 26, 25, 13, 31, 36, 28, 38]}