{"name": "./results/random_stress/trailNum12_groupNum0.json", "avg_acc": [0.8888888888888888, 0.75, 0.7333333333333333, 0.4722222222222222, 0.6388888888888888, 0.8055555555555556, 0.7083333333333334, 0.6111111111111112, 0.8333333333333334, 0.5833333333333334, 0.8888888888888888, 0.6666666666666666, 0.6111111111111112, 0.7222222222222222], "ids": [16, 21, 34, 10, 36, 14, 30, 26, 18, 27, 5, 32, 9, 15]}