{"name": "./results/random_stress/trailNum41_groupNum2.json", "avg_acc": [0.8888888888888888, 0.6111111111111112, 0.8888888888888888, 0.7, 0.5, 0.7777777777777778, 0.5277777777777778, 0.6944444444444444, 0.8333333333333334, 0.7222222222222222, 0.6666666666666666, 0.8611111111111112], "ids": [16, 10, 35, 31, 25, 14, 4, 21, 34, 32, 0, 2]}