{"name": "./results/random_stress/trailNum82_groupNum1.json", "avg_acc": [0.7777777777777778, 0.6944444444444444, 0.8333333333333334, 0.6388888888888888, 0.7222222222222222, 0.8, 0.4722222222222222, 0.6944444444444444, 0.7083333333333334, 0.6944444444444444, 0.7777777777777778, 0.6944444444444444, 0.8333333333333334, 0.6388888888888888], "ids": [37, 35, 3, 18, 32, 7, 25, 8, 14, 1, 6, 26, 13, 17]}