{"name": "./results/random_stress/trailNum84_groupNum2.json", "avg_acc": [0.75, 0.8611111111111112, 0.6111111111111112, 0.6111111111111112, 0.8611111111111112, 0.7083333333333334, 0.6388888888888888, 0.5555555555555556, 0.7777777777777778, 0.5833333333333334, 0.8611111111111112, 0.6944444444444444], "ids": [8, 29, 21, 31, 7, 12, 18, 22, 25, 36, 3, 4]}