{"name": "./results/random_stress/trailNum53_groupNum1.json", "avg_acc": [0.6111111111111112, 0.5555555555555556, 0.5, 0.7, 0.5, 0.75, 0.5555555555555556, 0.6944444444444444, 0.75, 0.8055555555555556, 0.6111111111111112, 0.8055555555555556, 0.8333333333333334, 0.8], "ids": [11, 19, 24, 20, 8, 31, 38, 18, 33, 14, 13, 37, 7, 39]}