{"name": "./results/random_stress/trailNum11_groupNum0.json", "avg_acc": [0.8611111111111112, 0.6388888888888888, 0.8333333333333334, 0.6944444444444444, 0.6944444444444444, 0.7222222222222222, 0.6111111111111112, 0.8333333333333334, 0.5, 0.6666666666666666, 0.8611111111111112, 0.8055555555555556, 0.6388888888888888, 0.7777777777777778], "ids": [30, 9, 5, 28, 0, 3, 37, 20, 26, 8, 34, 27, 25, 31]}