{"name": "./results/random_stress/trailNum22_groupNum2.json", "avg_acc": [0.6944444444444444, 0.8888888888888888, 0.6, 0.8888888888888888, 0.75, 0.5833333333333334, 0.6111111111111112, 0.7222222222222222, 0.5555555555555556, 0.8611111111111112, 0.75, 0.7777777777777778], "ids": [35, 6, 25, 16, 21, 3, 38, 29, 19, 37, 12, 11]}