{"name": "./results/random_stress/trailNum17_groupNum2.json", "avg_acc": [0.6111111111111112, 0.8611111111111112, 0.7333333333333333, 0.6666666666666666, 0.5833333333333334, 0.6388888888888888, 0.5833333333333334, 0.75, 0.5833333333333334, 0.8888888888888888, 0.7777777777777778, 0.7666666666666667], "ids": [19, 21, 29, 22, 2, 24, 10, 31, 39, 37, 4, 18]}