{"name": "./results/random_stress/trailNum7_groupNum1.json", "avg_acc": [0.8333333333333334, 0.36666666666666664, 0.4722222222222222, 0.75, 0.75, 0.7222222222222222, 0.7222222222222222, 0.7222222222222222, 0.8888888888888888, 0.6111111111111112, 0.8611111111111112, 0.6944444444444444, 0.8611111111111112, 0.7333333333333333], "ids": [28, 5, 32, 26, 20, 11, 37, 38, 35, 39, 15, 23, 30, 14]}