{"name": "./results/random_stress/trailNum42_groupNum0.json", "avg_acc": [0.8888888888888888, 0.6944444444444444, 0.8333333333333334, 0.7222222222222222, 0.6666666666666666, 0.7777777777777778, 0.6666666666666666, 0.6388888888888888, 0.8333333333333334, 0.7777777777777778, 0.6944444444444444, 0.7777777777777778, 0.8611111111111112, 0.8333333333333334], "ids": [33, 24, 9, 16, 36, 29, 1, 26, 2, 6, 35, 22, 17, 10]}