{"name": "./results/random_stress/trailNum66_groupNum0.json", "avg_acc": [0.6666666666666666, 0.8333333333333334, 0.7333333333333333, 0.6666666666666666, 0.5833333333333334, 0.5833333333333334, 0.8333333333333334, 0.8333333333333334, 0.6666666666666666, 0.8333333333333334, 0.6944444444444444, 0.5555555555555556, 0.6666666666666666, 0.7777777777777778], "ids": [38, 18, 28, 34, 26, 19, 24, 32, 21, 31, 36, 12, 8, 13]}