{"name": "./results/random_stress/trailNum72_groupNum0.json", "avg_acc": [0.9166666666666666, 0.8611111111111112, 0.8055555555555556, 0.6944444444444444, 0.6111111111111112, 0.7333333333333333, 0.5, 0.8055555555555556, 0.7, 0.6666666666666666, 0.8611111111111112, 0.4722222222222222, 0.8333333333333334, 0.6388888888888888], "ids": [34, 23, 8, 13, 12, 7, 4, 0, 6, 31, 10, 27, 22, 11]}