{"name": "./results/random_stress/trailNum21_groupNum0.json", "avg_acc": [0.8611111111111112, 0.8055555555555556, 0.8611111111111112, 0.6944444444444444, 0.6666666666666666, 0.43333333333333335, 0.8611111111111112, 0.7333333333333333, 0.6388888888888888, 0.6666666666666666, 0.8055555555555556, 0.6944444444444444, 0.6666666666666666, 0.8333333333333334], "ids": [8, 11, 12, 22, 38, 37, 5, 13, 28, 10, 2, 0, 26, 25]}