{"name": "./results/random_stress/trailNum68_groupNum2.json", "avg_acc": [0.8611111111111112, 0.8888888888888888, 0.7333333333333333, 0.6388888888888888, 0.6388888888888888, 0.7777777777777778, 0.8888888888888888, 0.6388888888888888, 0.7777777777777778, 0.5555555555555556, 0.8611111111111112, 0.5833333333333334], "ids": [6, 22, 26, 23, 27, 31, 24, 25, 19, 10, 1, 33]}