{"name": "./results/random_stress/trailNum70_groupNum1.json", "avg_acc": [0.8611111111111112, 0.6944444444444444, 0.8611111111111112, 0.8333333333333334, 0.5555555555555556, 0.7777777777777778, 0.7083333333333334, 0.6111111111111112, 0.6666666666666666, 0.7777777777777778, 0.8333333333333334, 0.6666666666666666, 0.8055555555555556, 0.7333333333333333], "ids": [16, 0, 2, 22, 18, 23, 39, 19, 5, 4, 24, 30, 14, 25]}