{"name": "./results/random_stress/trailNum92_groupNum1.json", "avg_acc": [0.8333333333333334, 0.8055555555555556, 0.6388888888888888, 0.8, 0.6944444444444444, 0.7777777777777778, 0.6111111111111112, 0.6944444444444444, 0.6666666666666666, 0.8333333333333334, 0.6666666666666666, 0.7777777777777778, 0.6666666666666666, 0.6944444444444444], "ids": [22, 37, 5, 15, 31, 28, 32, 10, 16, 34, 23, 7, 33, 6]}