{"name": "./results/random_stress/trailNum0_groupNum1.json", "avg_acc": [0.8888888888888888, 0.8611111111111112, 0.7, 0.8611111111111112, 0.5, 0.75, 0.6666666666666666, 0.8055555555555556, 0.6666666666666666, 0.6388888888888888, 0.5833333333333334, 0.8333333333333334, 0.8888888888888888, 0.8333333333333334], "ids": [35, 18, 30, 31, 20, 28, 29, 0, 16, 23, 14, 10, 4, 12]}