{"name": "./results/random_stress/trailNum95_groupNum1.json", "avg_acc": [0.8888888888888888, 0.6666666666666666, 0.8888888888888888, 0.4, 0.7, 0.6944444444444444, 0.8333333333333334, 0.7777777777777778, 0.5833333333333334, 0.8055555555555556, 0.8888888888888888, 0.6111111111111112, 0.6944444444444444, 0.6388888888888888], "ids": [13, 22, 23, 3, 30, 0, 31, 11, 26, 32, 37, 33, 5, 27]}