{"name": "./results/random_stress/trailNum85_groupNum0.json", "avg_acc": [0.8333333333333334, 0.5555555555555556, 0.6666666666666666, 0.5333333333333333, 0.5, 0.7777777777777778, 0.6666666666666666, 0.6111111111111112, 0.7222222222222222, 0.6944444444444444, 0.9166666666666666, 0.5555555555555556, 0.6666666666666666, 0.8333333333333334], "ids": [25, 14, 11, 26, 19, 31, 38, 16, 21, 5, 37, 8, 10, 34]}