{"name": "./results/random_stress/trailNum94_groupNum0.json", "avg_acc": [0.8611111111111112, 0.7777777777777778, 0.8333333333333334, 0.8888888888888888, 0.6111111111111112, 0.8888888888888888, 0.7083333333333334, 0.7777777777777778, 0.5833333333333334, 0.6944444444444444, 0.6944444444444444, 0.8611111111111112, 0.6111111111111112, 0.75], "ids": [34, 1, 6, 25, 12, 20, 18, 28, 21, 31, 8, 2, 37, 5]}