{"name": "./results/random_stress/trailNum11_groupNum2.json", "avg_acc": [0.8, 0.6, 0.8888888888888888, 0.5277777777777778, 0.6388888888888888, 0.8333333333333334, 0.8055555555555556, 0.5555555555555556, 0.7222222222222222, 0.6944444444444444, 0.8611111111111112, 0.7222222222222222], "ids": [35, 33, 29, 15, 10, 36, 16, 12, 32, 24, 14, 11]}