{"name": "./results/random_stress/trailNum31_groupNum2.json", "avg_acc": [0.8055555555555556, 0.8888888888888888, 0.8, 0.43333333333333335, 0.7333333333333333, 0.5277777777777778, 0.6388888888888888, 0.7222222222222222, 0.8888888888888888, 0.6666666666666666, 0.8333333333333334, 0.7333333333333333], "ids": [11, 36, 21, 1, 6, 38, 39, 14, 10, 13, 31, 29]}