{"name": "./results/random_stress/trailNum65_groupNum1.json", "avg_acc": [0.8888888888888888, 0.7666666666666667, 0.36666666666666664, 0.5, 0.6944444444444444, 0.75, 0.8333333333333334, 0.6944444444444444, 0.6944444444444444, 0.9166666666666666, 0.7222222222222222, 0.6388888888888888, 0.6944444444444444, 0.8055555555555556], "ids": [0, 28, 34, 15, 31, 10, 23, 38, 37, 26, 33, 11, 29, 17]}