{"name": "./results/random_stress/trailNum88_groupNum0.json", "avg_acc": [0.9166666666666666, 0.9166666666666666, 0.6944444444444444, 0.8055555555555556, 0.6, 0.8611111111111112, 0.7, 0.5277777777777778, 0.8055555555555556, 0.6944444444444444, 0.8055555555555556, 0.6666666666666666, 0.6666666666666666, 0.8055555555555556], "ids": [8, 13, 33, 36, 0, 12, 34, 11, 21, 32, 1, 38, 23, 9]}