{"name": "./results/random_stress/trailNum38_groupNum0.json", "avg_acc": [0.8611111111111112, 0.6666666666666666, 0.6111111111111112, 0.6666666666666666, 0.7333333333333333, 0.7222222222222222, 0.7222222222222222, 0.5555555555555556, 0.8611111111111112, 0.6111111111111112, 0.8888888888888888, 0.75, 0.6111111111111112, 0.6944444444444444], "ids": [8, 20, 32, 22, 30, 31, 15, 7, 3, 36, 0, 26, 13, 29]}