{"name": "./results/random_stress/trailNum59_groupNum0.json", "avg_acc": [0.9166666666666666, 0.6666666666666666, 0.6388888888888888, 0.75, 0.6666666666666666, 0.5833333333333334, 0.75, 0.7777777777777778, 0.6666666666666666, 0.6111111111111112, 0.6111111111111112, 0.6111111111111112, 0.7222222222222222, 0.6944444444444444], "ids": [15, 34, 28, 16, 2, 37, 10, 36, 7, 24, 32, 29, 9, 0]}