{"name": "./results/random_stress/trailNum45_groupNum2.json", "avg_acc": [0.9166666666666666, 0.7222222222222222, 0.6666666666666666, 0.6666666666666666, 0.7333333333333333, 0.5277777777777778, 0.7222222222222222, 0.7222222222222222, 0.6944444444444444, 0.7777777777777778, 0.8055555555555556, 0.8611111111111112], "ids": [35, 15, 23, 8, 2, 26, 0, 10, 25, 7, 14, 30]}