{"name": "./results/random_stress/trailNum80_groupNum0.json", "avg_acc": [0.8888888888888888, 0.6944444444444444, 0.6666666666666666, 0.8888888888888888, 0.8055555555555556, 0.4666666666666667, 0.7, 0.6666666666666666, 0.8055555555555556, 0.7777777777777778, 0.8333333333333334, 0.6111111111111112, 0.8055555555555556, 0.6388888888888888], "ids": [5, 20, 3, 26, 23, 4, 34, 24, 33, 2, 11, 13, 32, 0]}