{"name": "./results/random_stress/trailNum2_groupNum0.json", "avg_acc": [0.6944444444444444, 0.8888888888888888, 0.36666666666666664, 0.8611111111111112, 0.4722222222222222, 0.6111111111111112, 0.6666666666666666, 0.6111111111111112, 0.5833333333333334, 0.8333333333333334, 0.6111111111111112, 0.6388888888888888, 0.8055555555555556, 0.6666666666666666], "ids": [21, 22, 38, 14, 11, 27, 23, 6, 17, 12, 3, 39, 15, 34]}