{"name": "./results/random_stress/trailNum33_groupNum2.json", "avg_acc": [0.8333333333333334, 0.7777777777777778, 0.6388888888888888, 0.4666666666666667, 0.8888888888888888, 0.75, 0.8055555555555556, 0.5, 0.5833333333333334, 0.8888888888888888, 0.8055555555555556, 0.6666666666666666], "ids": [27, 5, 35, 26, 34, 12, 25, 11, 8, 37, 4, 39]}