{"name": "./results/random_stress/trailNum60_groupNum1.json", "avg_acc": [0.8333333333333334, 0.8611111111111112, 0.75, 0.8333333333333334, 0.5333333333333333, 0.6666666666666666, 0.6944444444444444, 0.7777777777777778, 0.6666666666666666, 0.75, 0.7777777777777778, 0.6388888888888888, 0.8333333333333334, 0.6666666666666666], "ids": [18, 13, 9, 27, 15, 11, 24, 1, 6, 10, 31, 26, 16, 39]}