{"name": "./results/random_stress/trailNum42_groupNum2.json", "avg_acc": [0.8888888888888888, 0.6666666666666666, 0.4, 0.6666666666666666, 0.4722222222222222, 0.7083333333333334, 0.75, 0.8333333333333334, 0.6944444444444444, 0.8333333333333334, 0.6388888888888888, 0.6111111111111112], "ids": [0, 11, 28, 14, 13, 30, 20, 34, 23, 18, 3, 32]}