{"name": "./results/random_stress/trailNum60_groupNum2.json", "avg_acc": [0.9166666666666666, 0.75, 0.9166666666666666, 0.6388888888888888, 0.6111111111111112, 0.7777777777777778, 0.6111111111111112, 0.75, 0.6388888888888888, 0.8888888888888888, 0.7777777777777778, 0.8333333333333334], "ids": [4, 21, 34, 37, 0, 35, 3, 29, 25, 7, 36, 33]}