{"name": "./results/random_stress/trailNum52_groupNum0.json", "avg_acc": [0.8888888888888888, 0.7222222222222222, 0.7333333333333333, 0.4666666666666667, 0.5555555555555556, 0.6944444444444444, 0.7083333333333334, 0.6666666666666666, 0.8888888888888888, 0.75, 0.6111111111111112, 0.6111111111111112, 0.7222222222222222, 0.8333333333333334], "ids": [23, 21, 34, 36, 37, 0, 17, 14, 10, 38, 11, 18, 26, 7]}