{"name": "./results/random_stress/trailNum99_groupNum0.json", "avg_acc": [0.9166666666666666, 0.7222222222222222, 0.7222222222222222, 0.8611111111111112, 0.4, 0.8888888888888888, 0.8333333333333334, 0.6666666666666666, 0.8333333333333334, 0.5277777777777778, 0.6944444444444444, 0.6388888888888888, 0.6944444444444444, 0.6944444444444444], "ids": [2, 29, 37, 19, 20, 17, 11, 16, 4, 36, 0, 18, 12, 3]}