{"name": "./results/random_stress/trailNum8_groupNum1.json", "avg_acc": [0.9444444444444444, 0.6666666666666666, 0.6944444444444444, 0.5333333333333333, 0.4166666666666667, 0.6111111111111112, 0.75, 0.7222222222222222, 0.8333333333333334, 0.6388888888888888, 0.75, 0.8055555555555556, 0.7222222222222222, 0.8333333333333334], "ids": [14, 37, 15, 38, 4, 36, 33, 8, 28, 11, 9, 25, 26, 18]}