{"name": "./results/random_stress/trailNum45_groupNum1.json", "avg_acc": [0.8888888888888888, 0.6666666666666666, 0.8611111111111112, 0.6944444444444444, 0.4666666666666667, 0.7666666666666667, 0.7777777777777778, 0.6666666666666666, 0.5833333333333334, 0.5833333333333334, 0.6111111111111112, 0.5833333333333334, 0.6944444444444444, 0.6333333333333333], "ids": [16, 22, 39, 32, 13, 17, 11, 6, 19, 1, 3, 9, 28, 37]}