{"name": "./results/random_stress/trailNum79_groupNum2.json", "avg_acc": [0.8888888888888888, 0.6388888888888888, 0.7222222222222222, 0.8333333333333334, 0.8611111111111112, 0.8333333333333334, 0.6111111111111112, 0.7777777777777778, 0.5833333333333334, 0.6388888888888888, 0.5555555555555556, 0.8611111111111112], "ids": [14, 16, 21, 3, 22, 2, 6, 0, 31, 5, 4, 27]}