{"name": "./results/random_stress/trailNum21_groupNum2.json", "avg_acc": [0.8888888888888888, 0.6388888888888888, 0.7222222222222222, 0.4722222222222222, 0.7916666666666666, 0.75, 0.6111111111111112, 0.8055555555555556, 0.7777777777777778, 0.8333333333333334, 0.8333333333333334, 0.6944444444444444], "ids": [18, 31, 9, 21, 24, 7, 4, 30, 23, 20, 14, 32]}