{"name": "./results/random_stress/trailNum93_groupNum2.json", "avg_acc": [0.8888888888888888, 0.8888888888888888, 0.6666666666666666, 0.4444444444444444, 0.7777777777777778, 0.5833333333333334, 0.8333333333333334, 0.5277777777777778, 0.8611111111111112, 0.8611111111111112, 0.6111111111111112, 0.6111111111111112], "ids": [34, 26, 5, 14, 22, 37, 4, 29, 31, 16, 9, 30]}