{"name": "./results/random_stress/trailNum32_groupNum1.json", "avg_acc": [0.75, 0.7222222222222222, 0.6944444444444444, 0.8, 0.6666666666666666, 0.75, 0.7083333333333334, 0.5, 0.6111111111111112, 0.5277777777777778, 0.7222222222222222, 0.6944444444444444, 0.75, 0.8055555555555556], "ids": [27, 8, 32, 33, 21, 19, 37, 7, 28, 2, 13, 10, 18, 17]}