{"name": "./results/random_stress/trailNum90_groupNum1.json", "avg_acc": [0.6666666666666666, 0.8611111111111112, 0.7666666666666667, 0.6944444444444444, 0.75, 0.4722222222222222, 0.5277777777777778, 0.6666666666666666, 0.8611111111111112, 0.7777777777777778, 0.6666666666666666, 0.7777777777777778, 0.8055555555555556, 0.8], "ids": [13, 37, 39, 30, 12, 31, 32, 33, 15, 19, 16, 7, 29, 27]}