{"name": "./results/random_stress/trailNum50_groupNum1.json", "avg_acc": [0.43333333333333335, 0.5, 0.7777777777777778, 0.5833333333333334, 0.75, 0.8333333333333334, 0.6944444444444444, 0.8055555555555556, 0.5277777777777778, 0.6111111111111112, 0.8888888888888888, 0.6666666666666666, 0.9166666666666666, 0.8055555555555556], "ids": [14, 35, 27, 19, 26, 16, 33, 11, 20, 29, 31, 38, 23, 25]}