{"name": "./results/random_stress/trailNum25_groupNum0.json", "avg_acc": [0.75, 0.6666666666666666, 0.8611111111111112, 0.8333333333333334, 0.6666666666666666, 0.6111111111111112, 0.4722222222222222, 0.5, 0.4722222222222222, 0.6666666666666666, 0.6388888888888888, 0.8611111111111112, 0.6111111111111112, 0.7333333333333333], "ids": [2, 6, 14, 3, 39, 7, 32, 5, 19, 8, 29, 31, 22, 25]}