{"name": "./results/random_stress/trailNum53_groupNum0.json", "avg_acc": [0.8888888888888888, 0.8333333333333334, 0.75, 0.7666666666666667, 0.8888888888888888, 0.8333333333333334, 0.5555555555555556, 0.6388888888888888, 0.8055555555555556, 0.7777777777777778, 0.5833333333333334, 0.5833333333333334, 0.6666666666666666, 0.6944444444444444], "ids": [27, 28, 21, 36, 12, 1, 22, 26, 16, 9, 6, 10, 32, 23]}