{"name": "./results/random_stress/trailNum78_groupNum2.json", "avg_acc": [0.6944444444444444, 0.8055555555555556, 0.6388888888888888, 0.7666666666666667, 0.5333333333333333, 0.6333333333333333, 0.7777777777777778, 0.6944444444444444, 0.75, 0.8055555555555556, 0.7222222222222222, 0.6388888888888888], "ids": [29, 10, 13, 3, 15, 24, 5, 18, 17, 11, 25, 7]}