{"name": "./results/random_stress/trailNum64_groupNum0.json", "avg_acc": [0.6111111111111112, 0.8333333333333334, 0.6666666666666666, 0.7666666666666667, 0.8333333333333334, 0.7777777777777778, 0.75, 0.7222222222222222, 0.6111111111111112, 0.7222222222222222, 0.8055555555555556, 0.6666666666666666, 0.6111111111111112, 0.6111111111111112], "ids": [22, 23, 26, 32, 5, 34, 7, 36, 12, 18, 16, 3, 10, 20]}