{"name": "./results/random_stress/trailNum72_groupNum1.json", "avg_acc": [0.7777777777777778, 0.7777777777777778, 0.6666666666666666, 0.4722222222222222, 0.75, 0.7777777777777778, 0.7777777777777778, 0.5833333333333334, 0.6111111111111112, 0.6944444444444444, 0.7222222222222222, 0.7222222222222222, 0.8055555555555556, 0.7333333333333333], "ids": [33, 2, 39, 19, 21, 17, 25, 32, 1, 28, 15, 3, 16, 14]}