{"name": "./results/random_stress/trailNum3_groupNum1.json", "avg_acc": [0.8333333333333334, 0.6944444444444444, 0.6944444444444444, 0.6944444444444444, 0.7, 0.8611111111111112, 0.7777777777777778, 0.75, 0.5277777777777778, 0.5833333333333334, 0.75, 0.7222222222222222, 0.7222222222222222, 0.6666666666666666], "ids": [2, 9, 12, 33, 22, 1, 16, 10, 25, 21, 39, 19, 18, 7]}