{"name": "./results/random_stress/trailNum92_groupNum2.json", "avg_acc": [0.8055555555555556, 0.75, 0.7666666666666667, 0.5555555555555556, 0.6944444444444444, 0.6111111111111112, 0.75, 0.6111111111111112, 0.8888888888888888, 0.6944444444444444, 0.5833333333333334, 0.7666666666666667], "ids": [21, 9, 39, 27, 20, 25, 17, 13, 14, 19, 0, 24]}