{"name": "./results/random_stress/trailNum2_groupNum2.json", "avg_acc": [0.8611111111111112, 0.8055555555555556, 0.8055555555555556, 0.8, 0.75, 0.7777777777777778, 0.8055555555555556, 0.8055555555555556, 0.6111111111111112, 0.8888888888888888, 0.8888888888888888, 0.7777777777777778], "ids": [16, 30, 37, 26, 1, 24, 35, 20, 5, 10, 29, 0]}