{"name": "./results/random_stress/trailNum40_groupNum0.json", "avg_acc": [0.9166666666666666, 0.8611111111111112, 0.6944444444444444, 0.8, 0.5666666666666667, 0.75, 0.6111111111111112, 0.6111111111111112, 0.8611111111111112, 0.5555555555555556, 0.8333333333333334, 0.6111111111111112, 0.6944444444444444, 0.7777777777777778], "ids": [36, 23, 15, 21, 27, 10, 30, 11, 22, 5, 34, 7, 0, 38]}