{"name": "./results/random_stress/trailNum40_groupNum1.json", "avg_acc": [0.8055555555555556, 0.7222222222222222, 0.8611111111111112, 0.8333333333333334, 0.6944444444444444, 0.7, 0.8055555555555556, 0.6388888888888888, 0.75, 0.75, 0.75, 0.5833333333333334, 0.8611111111111112, 0.75], "ids": [4, 6, 16, 18, 20, 24, 17, 13, 8, 32, 2, 29, 1, 31]}