{"name": "./results/random_stress/trailNum10_groupNum2.json", "avg_acc": [0.8611111111111112, 0.8611111111111112, 0.8611111111111112, 0.6111111111111112, 0.8611111111111112, 0.5555555555555556, 0.6111111111111112, 0.6388888888888888, 0.8611111111111112, 0.8333333333333334, 0.6666666666666666, 0.6388888888888888], "ids": [6, 33, 30, 7, 29, 36, 12, 0, 22, 31, 19, 5]}