{"name": "./results/random_stress/trailNum1_groupNum1.json", "avg_acc": [0.6666666666666666, 0.8611111111111112, 0.6944444444444444, 0.7666666666666667, 0.5666666666666667, 0.7333333333333333, 0.6666666666666666, 0.6944444444444444, 0.75, 0.6388888888888888, 0.6111111111111112, 0.8055555555555556, 0.6666666666666666, 0.75], "ids": [18, 11, 9, 10, 5, 13, 30, 17, 37, 15, 21, 36, 22, 2]}