{"name": "./results/random_stress/trailNum23_groupNum2.json", "avg_acc": [0.9166666666666666, 0.8055555555555556, 0.6666666666666666, 0.6944444444444444, 0.7666666666666667, 0.5833333333333334, 0.5833333333333334, 0.5555555555555556, 0.6666666666666666, 0.75, 0.6944444444444444, 0.7222222222222222], "ids": [7, 28, 9, 34, 22, 10, 6, 21, 4, 36, 27, 33]}