{"name": "./results/random_stress/trailNum42_groupNum1.json", "avg_acc": [0.8333333333333334, 0.8055555555555556, 0.5833333333333334, 0.6111111111111112, 0.8888888888888888, 0.7222222222222222, 0.5555555555555556, 0.6111111111111112, 0.75, 0.4722222222222222, 0.8888888888888888, 0.8333333333333334, 0.8055555555555556, 0.7333333333333333], "ids": [21, 7, 8, 25, 5, 39, 37, 27, 12, 15, 19, 31, 38, 4]}