{"name": "./results/random_stress/trailNum64_groupNum2.json", "avg_acc": [0.8055555555555556, 0.6944444444444444, 0.8888888888888888, 0.7666666666666667, 0.6666666666666666, 0.5555555555555556, 0.6388888888888888, 0.5555555555555556, 0.8611111111111112, 0.9166666666666666, 0.7222222222222222, 0.75], "ids": [29, 6, 19, 38, 31, 13, 0, 17, 30, 21, 37, 2]}