{"name": "./results/random_stress/trailNum51_groupNum2.json", "avg_acc": [0.8055555555555556, 0.75, 0.7222222222222222, 0.8333333333333334, 0.6666666666666666, 0.7333333333333333, 0.4722222222222222, 0.5833333333333334, 0.7083333333333334, 0.7222222222222222, 0.8333333333333334, 0.8333333333333334], "ids": [18, 14, 1, 35, 5, 3, 20, 13, 8, 17, 26, 2]}