{"name": "./results/random_stress/trailNum73_groupNum2.json", "avg_acc": [0.8611111111111112, 0.8333333333333334, 0.6388888888888888, 0.6944444444444444, 0.8611111111111112, 0.4166666666666667, 0.7777777777777778, 0.5833333333333334, 0.6111111111111112, 0.5, 0.8055555555555556, 0.8333333333333334], "ids": [8, 5, 12, 14, 34, 6, 35, 38, 19, 20, 15, 7]}