{"name": "./results/random_stress/trailNum31_groupNum1.json", "avg_acc": [0.8888888888888888, 0.75, 0.8888888888888888, 0.75, 0.8055555555555556, 0.6388888888888888, 0.6111111111111112, 0.7777777777777778, 0.5833333333333334, 0.8055555555555556, 0.6111111111111112, 0.6666666666666666, 0.5833333333333334, 0.7222222222222222], "ids": [5, 34, 17, 3, 19, 4, 16, 25, 28, 0, 37, 23, 20, 22]}