{"name": "./results/random_stress/trailNum60_groupNum0.json", "avg_acc": [0.75, 0.8888888888888888, 0.5833333333333334, 0.8055555555555556, 0.4444444444444444, 0.6388888888888888, 0.5833333333333334, 0.75, 0.5833333333333334, 0.7222222222222222, 0.7222222222222222, 0.8333333333333334, 0.6111111111111112, 0.8611111111111112], "ids": [32, 17, 8, 19, 12, 28, 22, 38, 30, 23, 14, 2, 5, 20]}