{"name": "./results/random_stress/trailNum38_groupNum1.json", "avg_acc": [0.8611111111111112, 0.8333333333333334, 0.8611111111111112, 0.8, 0.5555555555555556, 0.8055555555555556, 0.6944444444444444, 0.6388888888888888, 0.7777777777777778, 0.7222222222222222, 0.6388888888888888, 0.8055555555555556, 0.8611111111111112, 0.7333333333333333], "ids": [24, 38, 10, 37, 33, 5, 19, 39, 1, 34, 25, 28, 6, 27]}