{"name": "./results/random_stress/trailNum49_groupNum2.json", "avg_acc": [0.8055555555555556, 0.5555555555555556, 0.8055555555555556, 0.8, 0.5, 0.6111111111111112, 0.8333333333333334, 0.8611111111111112, 0.5277777777777778, 0.6388888888888888, 0.8333333333333334, 0.8055555555555556], "ids": [38, 29, 24, 13, 37, 27, 26, 5, 12, 14, 8, 17]}