{"name": "./results/random_stress/trailNum36_groupNum1.json", "avg_acc": [0.75, 0.6388888888888888, 0.5277777777777778, 0.7222222222222222, 0.43333333333333335, 0.8055555555555556, 0.7777777777777778, 0.6111111111111112, 0.8055555555555556, 0.6111111111111112, 0.8611111111111112, 0.8611111111111112, 0.8055555555555556, 0.7666666666666667], "ids": [16, 7, 26, 35, 25, 11, 31, 38, 8, 27, 23, 9, 39, 2]}