{"name": "./results/random_stress/trailNum39_groupNum1.json", "avg_acc": [0.8611111111111112, 0.8055555555555556, 0.7222222222222222, 0.8611111111111112, 0.8, 0.8611111111111112, 0.7666666666666667, 0.5, 0.6388888888888888, 0.625, 0.6944444444444444, 0.75, 0.8333333333333334, 0.5555555555555556], "ids": [18, 13, 5, 10, 31, 12, 19, 14, 2, 3, 0, 17, 28, 34]}