{"name": "./results/random_stress/trailNum0_groupNum2.json", "avg_acc": [0.8611111111111112, 0.9166666666666666, 0.6666666666666666, 0.75, 0.75, 0.5277777777777778, 0.5833333333333334, 0.5833333333333334, 0.8333333333333334, 0.6944444444444444, 0.7222222222222222, 0.6666666666666666], "ids": [17, 34, 37, 21, 15, 19, 8, 36, 33, 1, 5, 22]}