{"name": "./results/random_stress/trailNum69_groupNum2.json", "avg_acc": [0.8888888888888888, 0.8611111111111112, 0.8611111111111112, 0.5833333333333334, 0.8055555555555556, 0.8055555555555556, 0.6666666666666666, 0.6388888888888888, 0.8055555555555556, 0.8055555555555556, 0.8611111111111112, 0.7777777777777778], "ids": [0, 21, 26, 23, 37, 31, 12, 20, 1, 22, 14, 16]}