{"name": "./results/random_stress/trailNum73_groupNum0.json", "avg_acc": [0.8888888888888888, 0.8333333333333334, 0.7777777777777778, 0.6388888888888888, 0.6666666666666666, 0.7, 0.5555555555555556, 0.75, 0.6111111111111112, 0.6111111111111112, 0.5833333333333334, 0.8333333333333334, 0.7222222222222222, 0.7777777777777778], "ids": [13, 10, 33, 25, 23, 1, 32, 3, 30, 0, 29, 21, 2, 27]}