{"name": "./results/random_stress/trailNum57_groupNum0.json", "avg_acc": [0.8055555555555556, 0.6944444444444444, 0.6666666666666666, 0.8333333333333334, 0.6944444444444444, 0.6944444444444444, 0.75, 0.75, 0.7777777777777778, 0.5, 0.8055555555555556, 0.5833333333333334, 0.8333333333333334, 0.7666666666666667], "ids": [34, 17, 20, 35, 33, 27, 1, 12, 3, 26, 18, 2, 15, 39]}