{
    "../data/neg_and_net/neg/combined_0/rf": [
        0.5,
        0.4583333333333333,
        0.4444444444444444,
        0.4027777777777778,
        0.5277777777777778,
        0.4722222222222222,
        0.5277777777777778,
        0.4861111111111111,
        0.4861111111111111,
        0.5,
        0.5416666666666666,
        0.4722222222222222,
        0.5277777777777778,
        0.5138888888888888,
        0.5555555555555556,
        0.5416666666666666,
        0.5666666666666667,
        0.48333333333333334,
        0.4666666666666667,
        0.5,
        0.4722222222222222,
        0.5138888888888888,
        0.4861111111111111,
        0.5138888888888888,
        0.5,
        0.5138888888888888,
        0.5416666666666666,
        0.4722222222222222,
        0.5138888888888888,
        0.5166666666666667,
        0.43333333333333335,
        0.6111111111111112,
        0.45,
        0.5138888888888888,
        0.5138888888888888,
        0.5833333333333334,
        0.4861111111111111,
        0.6041666666666666,
        0.4722222222222222,
        0.6111111111111112,
        0.4444444444444444,
        0.5277777777777778
    ],
    "../data/neg_and_net/neg/combined_0/rf/removed": [
        0.5416666666666666,
        0.4305555555555556,
        0.4444444444444444,
        0.5,
        0.5,
        0.5,
        0.5555555555555556,
        0.5416666666666666,
        0.5,
        0.4722222222222222,
        0.4861111111111111,
        0.4722222222222222,
        0.4861111111111111,
        0.5138888888888888,
        0.625,
        0.4666666666666667,
        0.4166666666666667,
        0.5416666666666666,
        0.3888888888888889,
        0.5694444444444444,
        0.5138888888888888,
        0.5,
        0.5,
        0.4166666666666667,
        0.5833333333333334,
        0.5555555555555556,
        0.5277777777777778,
        0.5166666666666667,
        0.43333333333333335,
        0.5333333333333333,
        0.4444444444444444,
        0.5277777777777778,
        0.5555555555555556,
        0.4861111111111111,
        0.5416666666666666,
        0.5694444444444444,
        0.5416666666666666,
        0.375,
        0.4722222222222222
    ],
    "../data/neg_and_net/net/combined_0/rf": [
        0.5138888888888888,
        0.5,
        0.5277777777777778,
        0.5833333333333334,
        0.5555555555555556,
        0.5,
        0.4861111111111111,
        0.4583333333333333,
        0.6388888888888888,
        0.5,
        0.5,
        0.5277777777777778,
        0.4583333333333333,
        0.4583333333333333,
        0.5416666666666666,
        0.5277777777777778,
        0.55,
        0.48333333333333334,
        0.5333333333333333,
        0.4722222222222222,
        0.4722222222222222,
        0.4583333333333333,
        0.4444444444444444,
        0.5555555555555556,
        0.5138888888888888,
        0.5,
        0.6388888888888888,
        0.5555555555555556,
        0.4722222222222222,
        0.48333333333333334,
        0.5,
        0.5416666666666666,
        0.5,
        0.5694444444444444,
        0.5,
        0.5416666666666666,
        0.5277777777777778,
        0.5208333333333334,
        0.5138888888888888,
        0.5,
        0.5416666666666666,
        0.4305555555555556
    ],
    "../data/neg_and_net/net/combined_0/rf/removed": [
        0.4166666666666667,
        0.5416666666666666,
        0.6111111111111112,
        0.6388888888888888,
        0.4722222222222222,
        0.4861111111111111,
        0.4861111111111111,
        0.4444444444444444,
        0.6388888888888888,
        0.4444444444444444,
        0.4444444444444444,
        0.4722222222222222,
        0.4583333333333333,
        0.6111111111111112,
        0.5138888888888888,
        0.5,
        0.48333333333333334,
        0.5138888888888888,
        0.4444444444444444,
        0.5416666666666666,
        0.4305555555555556,
        0.4722222222222222,
        0.4722222222222222,
        0.5416666666666666,
        0.5416666666666666,
        0.5138888888888888,
        0.4583333333333333,
        0.48333333333333334,
        0.5166666666666667,
        0.55,
        0.5,
        0.5,
        0.5694444444444444,
        0.5138888888888888,
        0.5833333333333334,
        0.5138888888888888,
        0.5,
        0.5277777777777778,
        0.4166666666666667
    ]
}