{
    "../data/neg_and_net/neg/male_0/rf": [
        0.5416666666666666,
        0.5555555555555556,
        0.4583333333333333,
        0.5138888888888888,
        0.5,
        0.4166666666666667,
        0.4861111111111111,
        0.5694444444444444,
        0.4861111111111111,
        0.4722222222222222,
        0.5694444444444444,
        0.4027777777777778,
        0.4861111111111111,
        0.4861111111111111,
        0.4583333333333333,
        0.5416666666666666,
        0.4666666666666667,
        0.5666666666666667,
        0.5
    ],
    "../data/neg_vs_net/male_0/rf": [
        0.5885416666666666,
        0.5520833333333334,
        0.625,
        0.59375,
        0.5520833333333334,
        0.5885416666666666,
        0.5625,
        0.5833333333333334,
        0.640625,
        0.5416666666666666,
        0.5520833333333334,
        0.5572916666666666,
        0.5625,
        0.5520833333333334,
        0.6302083333333334,
        0.625,
        0.6025641025641025,
        0.5192307692307693,
        0.46794871794871795
    ],
    "../data/neg_and_net/neg/female_0/rf": [
        0.5277777777777778,
        0.5138888888888888,
        0.3472222222222222,
        0.4444444444444444,
        0.5,
        0.5972222222222222,
        0.4861111111111111,
        0.5694444444444444,
        0.5,
        0.4166666666666667,
        0.5,
        0.55,
        0.5277777777777778,
        0.45,
        0.5555555555555556,
        0.5555555555555556,
        0.5694444444444444,
        0.5416666666666666,
        0.5208333333333334,
        0.5138888888888888,
        0.5694444444444444,
        0.4861111111111111,
        0.5416666666666666
    ],
    "../data/neg_and_net/neg/male_0/rf/removed": [
        0.5277777777777778,
        0.5,
        0.5,
        0.5,
        0.5,
        0.5,
        0.5,
        0.5,
        0.5,
        0.6527777777777778,
        0.5,
        0.5,
        0.5138888888888888,
        0.5,
        0.4722222222222222,
        0.4666666666666667,
        0.5
    ],
    "../data/neg_vs_net/male_0/rf/removed": [
        0.5885416666666666,
        0.5520833333333334,
        0.59375,
        0.625,
        0.5364583333333334,
        0.6041666666666666,
        0.5885416666666666,
        0.59375,
        0.625,
        0.5520833333333334,
        0.5208333333333334,
        0.5520833333333334,
        0.5416666666666666,
        0.6302083333333334,
        0.59375,
        0.5705128205128205,
        0.5192307692307693
    ],
    "../data/neg_and_net/net/male_0/rf": [
        0.5555555555555556,
        0.4722222222222222,
        0.4583333333333333,
        0.4027777777777778,
        0.5416666666666666,
        0.4583333333333333,
        0.5277777777777778,
        0.5138888888888888,
        0.6527777777777778,
        0.5694444444444444,
        0.5694444444444444,
        0.4861111111111111,
        0.4861111111111111,
        0.5694444444444444,
        0.4722222222222222,
        0.5138888888888888,
        0.6166666666666667,
        0.5333333333333333,
        0.48333333333333334
    ],
    "../data/neg_and_net/neg/female_0/rf/removed": [
        0.5138888888888888,
        0.4861111111111111,
        0.5555555555555556,
        0.5833333333333334,
        0.4861111111111111,
        0.5555555555555556,
        0.5972222222222222,
        0.6388888888888888,
        0.5555555555555556,
        0.4583333333333333,
        0.48333333333333334,
        0.5166666666666667,
        0.5277777777777778,
        0.5,
        0.5138888888888888,
        0.5694444444444444,
        0.4861111111111111,
        0.5833333333333334,
        0.5416666666666666,
        0.5555555555555556,
        0.4722222222222222,
        0.5
    ],
    "../data/neg_and_net/net/female_0/rf": [
        0.5277777777777778,
        0.5,
        0.5138888888888888,
        0.4305555555555556,
        0.4166666666666667,
        0.5138888888888888,
        0.4166666666666667,
        0.4583333333333333,
        0.5555555555555556,
        0.5138888888888888,
        0.5666666666666667,
        0.5166666666666667,
        0.4166666666666667,
        0.5,
        0.5277777777777778,
        0.5,
        0.5,
        0.5833333333333334,
        0.5,
        0.5,
        0.4444444444444444,
        0.625,
        0.4444444444444444
    ],
    "../data/neg_vs_net/female_0/rf/removed": [
        0.703125,
        0.5520833333333334,
        0.53125,
        0.5208333333333334,
        0.5833333333333334,
        0.5625,
        0.6041666666666666,
        0.59375,
        0.6041666666666666,
        0.6458333333333334,
        0.5384615384615384,
        0.5,
        0.6197916666666666,
        0.5104166666666666,
        0.6145833333333334,
        0.5677083333333334,
        0.5885416666666666,
        0.5,
        0.515625,
        0.515625,
        0.5989583333333334,
        0.5364583333333334
    ],
    "../data/neg_vs_net/female_0/rf": [
        0.6770833333333334,
        0.5729166666666666,
        0.5677083333333334,
        0.5,
        0.5885416666666666,
        0.5572916666666666,
        0.5989583333333334,
        0.5885416666666666,
        0.578125,
        0.6145833333333334,
        0.5384615384615384,
        0.5448717948717948,
        0.6302083333333334,
        0.5961538461538461,
        0.515625,
        0.609375,
        0.5416666666666666,
        0.53125,
        0.515625,
        0.5364583333333334,
        0.5104166666666666,
        0.6041666666666666,
        0.5416666666666666
    ],
    "../data/neg_and_net/net/male_0/rf/removed": [
        0.6527777777777778,
        0.4722222222222222,
        0.4861111111111111,
        0.4166666666666667,
        0.5138888888888888,
        0.4444444444444444,
        0.4861111111111111,
        0.5555555555555556,
        0.625,
        0.5277777777777778,
        0.5416666666666666,
        0.4722222222222222,
        0.4861111111111111,
        0.5416666666666666,
        0.5138888888888888,
        0.5333333333333333,
        0.48333333333333334
    ],
    "../data/neg_and_net/net/female_0/rf/removed": [
        0.5277777777777778,
        0.4583333333333333,
        0.5416666666666666,
        0.4722222222222222,
        0.5694444444444444,
        0.4861111111111111,
        0.5833333333333334,
        0.4861111111111111,
        0.5694444444444444,
        0.4722222222222222,
        0.5333333333333333,
        0.38333333333333336,
        0.6527777777777778,
        0.4861111111111111,
        0.5,
        0.5,
        0.5972222222222222,
        0.5416666666666666,
        0.4583333333333333,
        0.4861111111111111,
        0.5972222222222222,
        0.5138888888888888
    ],
    "../data/neg_vs_net/combined_0/rf": [
        0.6875,
        0.5625,
        0.578125,
        0.5729166666666666,
        0.5416666666666666,
        0.5208333333333334,
        0.5989583333333334,
        0.6510416666666666,
        0.6458333333333334,
        0.5729166666666666,
        0.6041666666666666,
        0.5885416666666666,
        0.5208333333333334,
        0.5833333333333334,
        0.6510416666666666,
        0.609375,
        0.6282051282051282,
        0.5192307692307693,
        0.5448717948717948,
        0.6875,
        0.6041666666666666,
        0.6041666666666666,
        0.5208333333333334,
        0.5885416666666666,
        0.5989583333333334,
        0.609375,
        0.5729166666666666,
        0.5833333333333334,
        0.609375,
        0.5384615384615384,
        0.47435897435897434,
        0.65625,
        0.5576923076923077,
        0.5208333333333334,
        0.6458333333333334,
        0.5364583333333334,
        0.578125,
        0.5,
        0.5260416666666666,
        0.515625,
        0.6510416666666666,
        0.5260416666666666
    ]
}