{"name": "./results/random_stress/trailNum74_groupNum2.json", "avg_acc": [0.4666666666666667, 0.7333333333333333, 0.4444444444444444, 0.6111111111111112, 0.75, 0.7222222222222222, 0.75, 0.6388888888888888, 0.8611111111111112, 0.5833333333333334, 0.8055555555555556, 0.8], "ids": [35, 39, 23, 13, 15, 17, 28, 25, 11, 34, 14, 30]}