{"name": "./results/random_stress/trailNum17_groupNum0.json", "avg_acc": [0.8611111111111112, 0.5833333333333334, 0.36666666666666664, 0.8888888888888888, 0.7777777777777778, 0.8333333333333334, 0.5555555555555556, 0.9444444444444444, 0.7222222222222222, 0.7222222222222222, 0.6111111111111112, 0.8611111111111112, 0.7222222222222222, 0.8055555555555556], "ids": [27, 16, 33, 35, 11, 30, 12, 26, 34, 36, 6, 32, 38, 7]}