{"name": "./results/random_stress/trailNum87_groupNum2.json", "avg_acc": [0.7222222222222222, 0.6944444444444444, 0.8888888888888888, 0.75, 0.4444444444444444, 0.7777777777777778, 0.5555555555555556, 0.7777777777777778, 0.6111111111111112, 0.6944444444444444, 0.75, 0.8611111111111112], "ids": [9, 25, 28, 21, 2, 30, 35, 4, 3, 16, 14, 23]}