{"name": "./results/random_stress/trailNum76_groupNum1.json", "avg_acc": [0.8055555555555556, 0.8333333333333334, 0.5277777777777778, 0.7, 0.43333333333333335, 0.7, 0.75, 0.6944444444444444, 0.75, 0.8055555555555556, 0.5, 0.6111111111111112, 0.8333333333333334, 0.7333333333333333], "ids": [27, 5, 11, 10, 29, 1, 20, 13, 16, 8, 31, 23, 17, 39]}