{"name": "./results/random_stress/trailNum81_groupNum2.json", "avg_acc": [0.6944444444444444, 0.8333333333333334, 0.8333333333333334, 0.6944444444444444, 0.4, 0.6111111111111112, 0.8611111111111112, 0.4166666666666667, 0.5833333333333334, 0.8611111111111112, 0.7222222222222222, 0.7777777777777778], "ids": [24, 37, 6, 27, 2, 36, 21, 5, 7, 30, 29, 11]}