{"name": "./results/random_stress/trailNum86_groupNum1.json", "avg_acc": [0.9444444444444444, 0.8055555555555556, 0.8611111111111112, 0.7777777777777778, 0.6388888888888888, 0.5555555555555556, 0.7777777777777778, 0.8055555555555556, 0.5555555555555556, 0.7222222222222222, 0.5555555555555556, 0.6111111111111112, 0.6944444444444444, 0.6944444444444444], "ids": [5, 26, 0, 27, 2, 34, 23, 32, 37, 9, 19, 36, 17, 28]}