{"name": "./results/random_stress/trailNum74_groupNum1.json", "avg_acc": [0.8611111111111112, 0.6388888888888888, 0.8055555555555556, 0.6111111111111112, 0.8333333333333334, 0.75, 0.6388888888888888, 0.7777777777777778, 0.5555555555555556, 0.7777777777777778, 0.5833333333333334, 0.6666666666666666, 0.75, 0.8333333333333334], "ids": [20, 26, 5, 32, 37, 18, 19, 38, 12, 21, 7, 0, 27, 3]}