{"name": "./results/random_stress/trailNum46_groupNum0.json", "avg_acc": [0.8333333333333334, 0.5833333333333334, 0.7333333333333333, 0.8611111111111112, 0.7777777777777778, 0.6388888888888888, 0.6111111111111112, 0.8888888888888888, 0.8333333333333334, 0.5833333333333334, 0.9166666666666666, 0.6666666666666666, 0.7777777777777778, 0.8333333333333334], "ids": [20, 38, 6, 30, 26, 29, 7, 24, 37, 10, 32, 21, 22, 12]}