{"name": "./results/random_stress/trailNum50_groupNum2.json", "avg_acc": [0.8611111111111112, 0.6111111111111112, 0.6666666666666666, 0.9166666666666666, 0.6666666666666666, 0.8888888888888888, 0.5277777777777778, 0.5833333333333334, 0.8055555555555556, 0.6944444444444444, 0.6388888888888888, 0.6944444444444444], "ids": [37, 2, 36, 4, 8, 3, 15, 12, 21, 24, 32, 0]}