{"name": "./results/random_stress/trailNum14_groupNum2.json", "avg_acc": [0.8611111111111112, 0.8611111111111112, 0.6388888888888888, 0.6666666666666666, 0.8333333333333334, 0.8611111111111112, 0.6666666666666666, 0.5555555555555556, 0.8055555555555556, 0.8055555555555556, 0.7777777777777778, 0.8333333333333334], "ids": [8, 21, 6, 12, 17, 16, 36, 39, 26, 33, 2, 7]}