{"name": "./results/random_stress/trailNum3_groupNum0.json", "avg_acc": [0.8611111111111112, 0.5555555555555556, 0.43333333333333335, 0.7, 0.6944444444444444, 0.7222222222222222, 0.75, 0.8611111111111112, 0.5833333333333334, 0.6666666666666666, 0.5555555555555556, 0.6944444444444444, 0.8611111111111112, 0.6666666666666666], "ids": [23, 28, 37, 6, 32, 35, 27, 11, 8, 29, 13, 24, 17, 20]}