{"name": "./results/random_stress/trailNum58_groupNum2.json", "avg_acc": [0.8611111111111112, 0.6944444444444444, 0.8888888888888888, 0.6944444444444444, 0.6944444444444444, 0.5833333333333334, 0.75, 0.5555555555555556, 0.8611111111111112, 0.8611111111111112, 0.6388888888888888, 0.7777777777777778], "ids": [6, 35, 20, 37, 2, 15, 31, 36, 8, 19, 22, 1]}