{"name": "./results/random_stress/trailNum96_groupNum2.json", "avg_acc": [0.6388888888888888, 0.43333333333333335, 0.8888888888888888, 0.4722222222222222, 0.7777777777777778, 0.6111111111111112, 0.75, 0.8055555555555556, 0.8611111111111112, 0.5833333333333334, 0.8611111111111112, 0.6666666666666666], "ids": [12, 35, 30, 39, 34, 22, 14, 7, 16, 26, 23, 11]}