{"name": "./results/random_stress/trailNum94_groupNum1.json", "avg_acc": [0.9166666666666666, 0.75, 0.6388888888888888, 0.7666666666666667, 0.5, 0.6666666666666666, 0.7222222222222222, 0.7222222222222222, 0.8611111111111112, 0.6666666666666666, 0.8333333333333334, 0.6388888888888888, 0.8888888888888888, 0.6944444444444444], "ids": [17, 24, 0, 32, 23, 30, 36, 11, 10, 7, 3, 35, 29, 15]}