{"name": "./results/random_stress/trailNum38_groupNum2.json", "avg_acc": [0.6666666666666666, 0.8888888888888888, 0.8888888888888888, 0.6, 0.8055555555555556, 0.5833333333333334, 0.8333333333333334, 0.6111111111111112, 0.75, 0.6111111111111112, 0.8888888888888888, 0.8611111111111112], "ids": [4, 9, 17, 11, 35, 23, 14, 16, 2, 18, 12, 21]}