{"name": "./results/random_stress/trailNum96_groupNum0.json", "avg_acc": [0.8333333333333334, 0.7222222222222222, 0.8888888888888888, 0.6111111111111112, 0.6944444444444444, 0.7333333333333333, 0.6666666666666666, 0.6388888888888888, 0.75, 0.6666666666666666, 0.9166666666666666, 0.75, 0.8055555555555556, 0.8333333333333334], "ids": [9, 31, 36, 38, 17, 13, 29, 25, 21, 37, 1, 3, 6, 8]}