{"name": "./results/random_stress/trailNum17_groupNum1.json", "avg_acc": [0.8888888888888888, 0.7777777777777778, 0.6944444444444444, 0.9166666666666666, 0.6944444444444444, 0.7222222222222222, 0.7333333333333333, 0.5277777777777778, 0.6666666666666666, 0.6111111111111112, 0.75, 0.75, 0.5833333333333334, 0.6388888888888888], "ids": [3, 28, 17, 1, 8, 13, 25, 9, 5, 14, 0, 20, 15, 23]}