{"name": "./results/random_stress/trailNum8_groupNum2.json", "avg_acc": [0.75, 0.6666666666666666, 0.7, 0.6944444444444444, 0.5833333333333334, 0.75, 0.75, 0.5833333333333334, 0.8888888888888888, 0.8611111111111112, 0.6388888888888888, 0.5833333333333334], "ids": [32, 34, 30, 23, 3, 24, 10, 20, 31, 22, 29, 2]}