{"name": "./results/random_stress/trailNum5_groupNum0.json", "avg_acc": [0.7777777777777778, 0.6666666666666666, 0.6111111111111112, 0.7, 0.7222222222222222, 0.6111111111111112, 0.8888888888888888, 0.6944444444444444, 0.7777777777777778, 0.6111111111111112, 0.6388888888888888, 0.6944444444444444, 0.8611111111111112, 0.7], "ids": [27, 15, 35, 28, 8, 33, 39, 21, 7, 13, 25, 1, 24, 26]}