{"name": "./results/random_stress/trailNum4_groupNum2.json", "avg_acc": [0.8888888888888888, 0.5833333333333334, 0.4444444444444444, 0.8055555555555556, 0.8333333333333334, 0.75, 0.5277777777777778, 0.8888888888888888, 0.5833333333333334, 0.8888888888888888, 0.75, 0.7666666666666667], "ids": [27, 35, 31, 34, 24, 25, 16, 14, 7, 39, 0, 36]}