{"name": "./results/random_stress/trailNum76_groupNum0.json", "avg_acc": [0.8611111111111112, 0.7222222222222222, 0.6666666666666666, 0.9166666666666666, 0.8333333333333334, 0.6944444444444444, 0.6111111111111112, 0.6111111111111112, 0.7222222222222222, 0.8055555555555556, 0.6944444444444444, 0.7222222222222222, 0.6388888888888888, 0.8611111111111112], "ids": [2, 19, 28, 4, 25, 38, 33, 22, 6, 15, 3, 37, 26, 0]}