{"name": "./results/random_stress/trailNum92_groupNum0.json", "avg_acc": [0.8333333333333334, 0.75, 0.6388888888888888, 0.8611111111111112, 0.7222222222222222, 0.3, 0.8888888888888888, 0.7083333333333334, 0.8611111111111112, 0.7222222222222222, 0.8611111111111112, 0.8333333333333334, 0.7222222222222222, 0.8611111111111112], "ids": [3, 1, 29, 38, 8, 18, 36, 2, 11, 26, 30, 4, 12, 35]}