{"name": "./results/random_stress/trailNum8_groupNum0.json", "avg_acc": [0.9166666666666666, 0.8333333333333334, 0.8888888888888888, 0.8611111111111112, 0.6666666666666666, 0.8611111111111112, 0.7666666666666667, 0.75, 0.6388888888888888, 0.5833333333333334, 0.6388888888888888, 0.6111111111111112, 0.8611111111111112, 0.7], "ids": [19, 27, 1, 5, 7, 12, 6, 35, 39, 21, 17, 0, 16, 13]}