{"name": "./results/random_stress/trailNum47_groupNum0.json", "avg_acc": [0.9166666666666666, 0.8611111111111112, 0.75, 0.8611111111111112, 0.8333333333333334, 0.8333333333333334, 0.6666666666666666, 0.7, 0.5555555555555556, 0.8333333333333334, 0.5833333333333334, 0.7777777777777778, 0.6388888888888888, 0.75], "ids": [0, 29, 1, 6, 19, 36, 27, 28, 10, 7, 5, 24, 2, 4]}