{"name": "./results/random_stress/trailNum61_groupNum2.json", "avg_acc": [0.8333333333333334, 0.8333333333333334, 0.8611111111111112, 0.6388888888888888, 0.6333333333333333, 0.4666666666666667, 0.75, 0.75, 0.5555555555555556, 0.6111111111111112, 0.8055555555555556, 0.7], "ids": [23, 10, 38, 7, 4, 5, 39, 15, 11, 29, 6, 27]}