{"name": "./results/random_stress/trailNum48_groupNum2.json", "avg_acc": [0.8611111111111112, 0.8333333333333334, 0.8611111111111112, 0.6666666666666666, 0.6666666666666666, 0.8055555555555556, 0.5833333333333334, 0.8055555555555556, 0.7777777777777778, 0.5555555555555556, 0.6111111111111112, 0.7222222222222222], "ids": [18, 6, 25, 27, 5, 17, 20, 36, 21, 26, 0, 34]}