{"name": "./results/random_stress/trailNum5_groupNum1.json", "avg_acc": [0.8611111111111112, 0.7222222222222222, 0.9166666666666666, 0.8333333333333334, 0.7222222222222222, 0.43333333333333335, 0.8055555555555556, 0.7083333333333334, 0.6388888888888888, 0.6388888888888888, 0.5555555555555556, 0.9166666666666666, 0.6944444444444444, 0.8055555555555556], "ids": [0, 38, 20, 9, 11, 22, 29, 31, 16, 18, 36, 3, 4, 5]}