{"name": "./results/random_stress/trailNum98_groupNum2.json", "avg_acc": [0.9166666666666666, 0.8055555555555556, 0.8888888888888888, 0.7222222222222222, 0.6944444444444444, 0.4444444444444444, 0.6111111111111112, 0.6388888888888888, 0.5555555555555556, 0.7222222222222222, 0.7777777777777778, 0.7222222222222222], "ids": [9, 34, 14, 2, 32, 8, 37, 5, 25, 22, 29, 0]}