{"name": "./results/random_stress/trailNum28_groupNum1.json", "avg_acc": [0.8888888888888888, 0.6944444444444444, 0.7666666666666667, 0.8333333333333334, 0.7916666666666666, 0.6111111111111112, 0.6944444444444444, 0.8333333333333334, 0.5277777777777778, 0.8611111111111112, 0.7222222222222222, 0.6111111111111112, 0.8333333333333334, 0.6666666666666666], "ids": [16, 0, 18, 36, 32, 23, 19, 27, 31, 13, 38, 20, 39, 9]}