{"name": "./results/random_stress/trailNum47_groupNum2.json", "avg_acc": [0.5833333333333334, 0.4, 0.7333333333333333, 0.6111111111111112, 0.5833333333333334, 0.75, 0.75, 0.8333333333333334, 0.6388888888888888, 0.8888888888888888, 0.75, 0.8055555555555556], "ids": [23, 35, 13, 38, 25, 32, 21, 37, 11, 26, 15, 8]}