{"name": "./results/random_stress/trailNum75_groupNum2.json", "avg_acc": [0.8888888888888888, 0.8611111111111112, 0.6944444444444444, 0.6666666666666666, 0.5, 0.8333333333333334, 0.7777777777777778, 0.5833333333333334, 0.6388888888888888, 0.5833333333333334, 0.8333333333333334, 0.8333333333333334], "ids": [11, 25, 12, 3, 38, 0, 8, 1, 30, 29, 16, 19]}