{"name": "./results/random_stress/trailNum28_groupNum2.json", "avg_acc": [0.7777777777777778, 0.6666666666666666, 0.8333333333333334, 0.8055555555555556, 0.8611111111111112, 0.3333333333333333, 0.6388888888888888, 0.8333333333333334, 0.5833333333333334, 0.9166666666666666, 0.6388888888888888, 0.8055555555555556], "ids": [3, 6, 26, 8, 30, 15, 34, 35, 2, 12, 29, 14]}