{"name": "./results/random_stress/trailNum55_groupNum2.json", "avg_acc": [0.9166666666666666, 0.8888888888888888, 0.5, 0.5555555555555556, 0.5833333333333334, 0.7777777777777778, 0.8333333333333334, 0.6666666666666666, 0.6944444444444444, 0.7777777777777778, 0.5833333333333334, 0.8888888888888888], "ids": [24, 0, 11, 4, 35, 26, 14, 33, 32, 21, 34, 27]}