{"name": "./results/random_stress/trailNum55_groupNum1.json", "avg_acc": [0.7777777777777778, 0.8055555555555556, 0.8333333333333334, 0.6388888888888888, 0.7222222222222222, 0.75, 0.7, 0.7222222222222222, 0.6666666666666666, 0.7222222222222222, 0.5277777777777778, 0.6388888888888888, 0.6944444444444444, 0.7333333333333333], "ids": [7, 1, 16, 2, 13, 17, 5, 9, 28, 39, 8, 36, 22, 20]}