{"name": "./results/random_stress/trailNum2_groupNum1.json", "avg_acc": [0.75, 0.8888888888888888, 0.5833333333333334, 0.75, 0.7222222222222222, 0.7333333333333333, 0.7083333333333334, 0.6111111111111112, 0.6944444444444444, 0.6944444444444444, 0.7222222222222222, 0.6388888888888888, 0.75, 0.6944444444444444], "ids": [7, 2, 9, 32, 4, 18, 28, 33, 19, 36, 13, 31, 8, 25]}