{"name": "./results/random_stress/trailNum32_groupNum2.json", "avg_acc": [0.8611111111111112, 0.8888888888888888, 0.75, 0.8888888888888888, 0.8055555555555556, 0.8055555555555556, 0.5666666666666667, 0.5833333333333334, 0.7777777777777778, 0.6111111111111112, 0.8333333333333334, 0.8611111111111112], "ids": [16, 0, 3, 35, 15, 6, 5, 1, 4, 20, 11, 31]}