{"name": "./results/random_stress/trailNum85_groupNum1.json", "avg_acc": [0.8333333333333334, 0.6111111111111112, 0.6944444444444444, 0.6666666666666666, 0.6388888888888888, 0.7777777777777778, 0.5555555555555556, 0.7222222222222222, 0.8333333333333334, 0.5833333333333334, 0.8888888888888888, 0.6388888888888888, 0.6388888888888888, 0.7333333333333333], "ids": [1, 3, 23, 27, 20, 4, 33, 22, 13, 24, 39, 32, 17, 30]}