{"name": "./results/random_stress/trailNum99_groupNum1.json", "avg_acc": [0.8333333333333334, 0.5833333333333334, 0.6388888888888888, 0.7333333333333333, 0.4722222222222222, 0.7222222222222222, 0.5555555555555556, 0.5, 0.8333333333333334, 0.8333333333333334, 0.6111111111111112, 0.5833333333333334, 0.8611111111111112, 0.6666666666666666], "ids": [30, 32, 14, 34, 39, 7, 31, 6, 8, 15, 35, 22, 13, 27]}