{"name": "./results/random_stress/trailNum57_groupNum2.json", "avg_acc": [0.9166666666666666, 0.6388888888888888, 0.75, 0.7, 0.7666666666666667, 0.5833333333333334, 0.5833333333333334, 0.6388888888888888, 0.6944444444444444, 0.8611111111111112, 0.5833333333333334, 0.75], "ids": [23, 30, 13, 36, 28, 4, 10, 19, 7, 32, 9, 22]}