{"name": "./results/random_stress/trailNum25_groupNum1.json", "avg_acc": [0.8888888888888888, 0.7777777777777778, 0.8611111111111112, 0.8611111111111112, 0.8, 0.7777777777777778, 0.6666666666666666, 0.7777777777777778, 0.8611111111111112, 0.8611111111111112, 0.5833333333333334, 0.8611111111111112, 0.7777777777777778, 0.8611111111111112], "ids": [0, 4, 24, 17, 30, 38, 23, 13, 26, 16, 27, 1, 12, 37]}