{"name": "./results/random_stress/trailNum21_groupNum1.json", "avg_acc": [0.8333333333333334, 0.6388888888888888, 0.8333333333333334, 0.7777777777777778, 0.7777777777777778, 0.7222222222222222, 0.5, 0.5555555555555556, 0.7222222222222222, 0.75, 0.6388888888888888, 0.8055555555555556, 0.8055555555555556, 0.7666666666666667], "ids": [27, 34, 17, 16, 29, 33, 19, 3, 39, 1, 15, 6, 35, 36]}