{"name": "./results/random_stress/trailNum41_groupNum0.json", "avg_acc": [0.6388888888888888, 0.8055555555555556, 0.8611111111111112, 0.6944444444444444, 0.5833333333333334, 0.7222222222222222, 0.75, 0.8055555555555556, 0.5, 0.5833333333333334, 0.8611111111111112, 0.6388888888888888, 0.8055555555555556, 0.8333333333333334], "ids": [26, 37, 27, 15, 36, 30, 20, 23, 5, 6, 19, 3, 29, 39]}