{"name": "./results/random_stress/trailNum65_groupNum2.json", "avg_acc": [0.8888888888888888, 0.8055555555555556, 0.6388888888888888, 0.6666666666666666, 0.8611111111111112, 0.7333333333333333, 0.75, 0.6111111111111112, 0.6666666666666666, 0.8055555555555556, 0.5, 0.6944444444444444], "ids": [36, 21, 8, 20, 24, 6, 4, 27, 22, 12, 13, 7]}