{"name": "./results/random_stress/trailNum59_groupNum1.json", "avg_acc": [0.8888888888888888, 0.8611111111111112, 0.8333333333333334, 0.5277777777777778, 0.43333333333333335, 0.4444444444444444, 0.75, 0.5555555555555556, 0.6944444444444444, 0.6111111111111112, 0.5, 0.8611111111111112, 0.6666666666666666, 0.7], "ids": [1, 14, 4, 6, 19, 27, 30, 39, 33, 11, 18, 21, 20, 8]}