{"name": "./results/random_stress/trailNum30_groupNum2.json", "avg_acc": [0.7222222222222222, 0.8611111111111112, 0.6944444444444444, 0.7666666666666667, 0.43333333333333335, 0.8888888888888888, 0.7, 0.6388888888888888, 0.75, 0.6388888888888888, 0.6944444444444444, 0.8055555555555556], "ids": [4, 10, 18, 11, 17, 7, 2, 12, 13, 29, 36, 38]}