{"name": "./results/random_stress/trailNum29_groupNum2.json", "avg_acc": [0.8333333333333334, 0.8333333333333334, 0.6388888888888888, 0.4, 0.7777777777777778, 0.5, 0.5555555555555556, 0.75, 0.6666666666666666, 0.8055555555555556, 0.8888888888888888, 0.6388888888888888], "ids": [5, 8, 14, 31, 11, 17, 6, 28, 12, 34, 23, 30]}