{"name": "./results/random_stress/trailNum28_groupNum0.json", "avg_acc": [0.8611111111111112, 0.8611111111111112, 0.8888888888888888, 0.6944444444444444, 0.7, 0.5666666666666667, 0.6666666666666666, 0.6666666666666666, 0.6666666666666666, 0.8333333333333334, 0.6666666666666666, 0.6111111111111112, 0.7777777777777778, 0.7222222222222222], "ids": [22, 7, 5, 10, 11, 21, 25, 1, 17, 4, 28, 24, 37, 33]}