{"name": "./results/random_stress/trailNum34_groupNum2.json", "avg_acc": [0.9166666666666666, 0.8888888888888888, 0.4666666666666667, 0.8888888888888888, 0.5, 0.6111111111111112, 0.6111111111111112, 0.6944444444444444, 0.7222222222222222, 0.9444444444444444, 0.9166666666666666, 0.8333333333333334], "ids": [6, 21, 37, 25, 31, 11, 15, 19, 23, 35, 4, 12]}