{"name": "./results/random_stress/trailNum5_groupNum2.json", "avg_acc": [0.6944444444444444, 0.8611111111111112, 0.8333333333333334, 0.8611111111111112, 0.4166666666666667, 0.6111111111111112, 0.5833333333333334, 0.7222222222222222, 0.7777777777777778, 0.6666666666666666, 0.4722222222222222, 0.6944444444444444], "ids": [34, 23, 30, 12, 17, 10, 2, 37, 6, 19, 32, 14]}