{"name": "./results/random_stress/trailNum22_groupNum1.json", "avg_acc": [0.8055555555555556, 0.6666666666666666, 0.6944444444444444, 0.6333333333333333, 0.4444444444444444, 0.6944444444444444, 0.5833333333333334, 0.6388888888888888, 0.7222222222222222, 0.8888888888888888, 0.5555555555555556, 0.75, 0.6944444444444444, 0.7], "ids": [9, 28, 7, 1, 30, 39, 22, 32, 33, 14, 15, 10, 27, 36]}