{"name": "./results/random_stress/trailNum16_groupNum1.json", "avg_acc": [0.8333333333333334, 0.7777777777777778, 0.6388888888888888, 0.8611111111111112, 0.4166666666666667, 0.6111111111111112, 0.6666666666666666, 0.5833333333333334, 0.8611111111111112, 0.8333333333333334, 0.8333333333333334, 0.6388888888888888, 0.5833333333333334, 0.7222222222222222], "ids": [5, 37, 20, 34, 22, 2, 32, 31, 14, 0, 17, 30, 3, 26]}