{"name": "./results/random_stress/trailNum3_groupNum2.json", "avg_acc": [0.8888888888888888, 0.5555555555555556, 0.8888888888888888, 0.8611111111111112, 0.5555555555555556, 0.75, 0.8333333333333334, 0.9166666666666666, 0.8055555555555556, 0.5833333333333334, 0.7222222222222222, 0.8333333333333334], "ids": [38, 14, 30, 5, 15, 34, 0, 3, 36, 31, 26, 4]}