{"name": "./results/random_stress/trailNum80_groupNum1.json", "avg_acc": [0.8611111111111112, 0.6388888888888888, 0.6944444444444444, 0.7222222222222222, 0.5666666666666667, 0.6666666666666666, 0.7916666666666666, 0.6111111111111112, 0.5555555555555556, 0.7222222222222222, 0.75, 0.5833333333333334, 0.8888888888888888, 0.8055555555555556], "ids": [9, 36, 29, 25, 15, 31, 18, 10, 19, 7, 28, 8, 6, 21]}