{"name": "./results/random_stress/trailNum57_groupNum1.json", "avg_acc": [0.8611111111111112, 0.8611111111111112, 0.8888888888888888, 0.4722222222222222, 0.5, 0.5277777777777778, 0.8055555555555556, 0.6111111111111112, 0.8055555555555556, 0.6944444444444444, 0.5555555555555556, 0.8888888888888888, 0.75, 0.8055555555555556], "ids": [25, 31, 24, 29, 21, 8, 6, 37, 14, 5, 38, 0, 11, 16]}