{"name": "./results/random_stress/trailNum77_groupNum1.json", "avg_acc": [0.6944444444444444, 0.6666666666666666, 0.7333333333333333, 0.6, 0.7, 0.5833333333333334, 0.8055555555555556, 0.7083333333333334, 0.5277777777777778, 0.5833333333333334, 0.7777777777777778, 0.6666666666666666, 0.6944444444444444, 0.75], "ids": [7, 33, 28, 18, 15, 24, 19, 11, 16, 13, 27, 2, 10, 21]}