{"name": "./results/random_stress/trailNum18_groupNum0.json", "avg_acc": [0.8611111111111112, 0.7222222222222222, 0.8888888888888888, 0.5, 0.8888888888888888, 0.6111111111111112, 0.7777777777777778, 0.7222222222222222, 0.6944444444444444, 0.8055555555555556, 0.5555555555555556, 0.8888888888888888, 0.8333333333333334, 0.8055555555555556], "ids": [38, 26, 25, 12, 15, 0, 35, 11, 29, 16, 23, 4, 37, 3]}