{"name": "./results/random_stress/trailNum61_groupNum0.json", "avg_acc": [0.9166666666666666, 0.7222222222222222, 0.75, 0.6111111111111112, 0.8611111111111112, 0.4444444444444444, 0.6944444444444444, 0.5555555555555556, 0.6944444444444444, 0.6944444444444444, 0.8333333333333334, 0.7222222222222222, 0.8611111111111112, 0.6944444444444444], "ids": [25, 0, 37, 14, 19, 12, 33, 8, 22, 31, 35, 17, 2, 3]}