{"name": "./results/random_stress/trailNum95_groupNum2.json", "avg_acc": [0.75, 0.8888888888888888, 0.8611111111111112, 0.7222222222222222, 0.6666666666666666, 0.6666666666666666, 0.7222222222222222, 0.75, 0.8333333333333334, 0.7222222222222222, 0.8055555555555556, 0.6666666666666666], "ids": [25, 4, 36, 39, 6, 38, 18, 20, 35, 9, 10, 1]}