{"name": "./results/random_stress/trailNum52_groupNum1.json", "avg_acc": [0.7777777777777778, 0.8611111111111112, 0.6388888888888888, 0.6666666666666666, 0.7222222222222222, 0.5277777777777778, 0.7222222222222222, 0.6111111111111112, 0.75, 0.6111111111111112, 0.8611111111111112, 0.7777777777777778, 0.8611111111111112, 0.7666666666666667], "ids": [30, 4, 20, 19, 35, 16, 1, 29, 39, 28, 8, 22, 31, 15]}