{"name": "./results/random_stress/trailNum52_groupNum2.json", "avg_acc": [0.7222222222222222, 0.6944444444444444, 0.8055555555555556, 0.8333333333333334, 0.6944444444444444, 0.7222222222222222, 0.7333333333333333, 0.8055555555555556, 0.6666666666666666, 0.6388888888888888, 0.75, 0.8055555555555556], "ids": [12, 5, 27, 33, 13, 9, 6, 25, 2, 24, 3, 32]}