{"name": "./results/random_stress/trailNum35_groupNum0.json", "avg_acc": [0.8, 0.5, 0.8611111111111112, 0.7333333333333333, 0.6388888888888888, 0.6944444444444444, 0.75, 0.75, 0.6666666666666666, 0.6666666666666666, 0.8055555555555556, 0.6388888888888888, 0.6111111111111112, 0.8333333333333334], "ids": [13, 12, 32, 20, 24, 31, 11, 19, 38, 33, 25, 23, 28, 10]}