{"name": "./results/random_stress/trailNum9_groupNum0.json", "avg_acc": [0.6666666666666666, 0.8333333333333334, 0.6666666666666666, 0.7333333333333333, 0.4166666666666667, 0.6111111111111112, 0.75, 0.5555555555555556, 0.8055555555555556, 0.6111111111111112, 0.8888888888888888, 0.6944444444444444, 0.9166666666666666, 0.7], "ids": [13, 39, 26, 30, 35, 3, 32, 8, 14, 15, 6, 16, 22, 29]}