{"name": "./results/random_stress/trailNum19_groupNum0.json", "avg_acc": [0.8333333333333334, 0.7222222222222222, 0.6666666666666666, 0.7222222222222222, 0.6666666666666666, 0.6, 0.6666666666666666, 0.7083333333333334, 0.6111111111111112, 0.5833333333333334, 0.7777777777777778, 0.6944444444444444, 0.9166666666666666, 0.7], "ids": [1, 11, 3, 28, 18, 2, 19, 9, 21, 39, 10, 26, 17, 31]}