{"name": "./results/random_stress/trailNum53_groupNum2.json", "avg_acc": [0.8888888888888888, 0.7777777777777778, 0.6944444444444444, 0.8888888888888888, 0.8611111111111112, 0.75, 0.6111111111111112, 0.7777777777777778, 0.6666666666666666, 0.8611111111111112, 0.6666666666666666, 0.7777777777777778], "ids": [0, 35, 5, 34, 15, 3, 30, 17, 4, 29, 2, 25]}