{"name": "./results/random_stress/trailNum11_groupNum1.json", "avg_acc": [0.7777777777777778, 0.6388888888888888, 0.8055555555555556, 0.9166666666666666, 0.6388888888888888, 0.7333333333333333, 0.6944444444444444, 0.75, 0.5555555555555556, 0.6111111111111112, 0.6388888888888888, 0.8333333333333334, 0.8333333333333334, 0.6], "ids": [19, 22, 21, 38, 39, 7, 13, 23, 17, 1, 6, 18, 4, 2]}