{"name": "./results/random_stress/trailNum23_groupNum1.json", "avg_acc": [0.8611111111111112, 0.7777777777777778, 0.8333333333333334, 0.6666666666666666, 0.4722222222222222, 0.6944444444444444, 0.8055555555555556, 0.6111111111111112, 0.75, 0.6944444444444444, 0.8055555555555556, 0.8888888888888888, 0.8611111111111112, 0.7666666666666667], "ids": [26, 0, 25, 16, 14, 30, 5, 17, 20, 8, 15, 39, 1, 38]}