{"name": "./results/random_stress/trailNum39_groupNum2.json", "avg_acc": [0.8611111111111112, 0.6388888888888888, 0.6944444444444444, 0.5333333333333333, 0.8611111111111112, 0.75, 0.8888888888888888, 0.75, 0.7222222222222222, 0.8611111111111112, 0.7777777777777778, 0.75], "ids": [33, 36, 24, 32, 11, 37, 9, 35, 30, 7, 1, 25]}