{"name": "./results/random_stress/trailNum48_groupNum1.json", "avg_acc": [0.6944444444444444, 0.6666666666666666, 0.6388888888888888, 0.6666666666666666, 0.8333333333333334, 0.7, 0.7222222222222222, 0.8611111111111112, 0.6666666666666666, 0.8333333333333334, 0.7222222222222222, 0.8611111111111112, 0.8333333333333334, 0.7333333333333333], "ids": [13, 24, 29, 3, 39, 9, 12, 10, 32, 15, 38, 35, 31, 2]}