{"name": "./results/random_stress/trailNum62_groupNum1.json", "avg_acc": [0.8333333333333334, 0.8055555555555556, 0.8333333333333334, 0.6388888888888888, 0.7222222222222222, 0.7666666666666667, 0.5555555555555556, 0.7777777777777778, 0.6666666666666666, 0.5833333333333334, 0.7777777777777778, 0.6666666666666666, 0.6388888888888888, 0.7222222222222222], "ids": [37, 23, 6, 20, 1, 7, 9, 22, 14, 25, 2, 21, 10, 29]}