{"name": "./results/random_stress/trailNum72_groupNum2.json", "avg_acc": [0.75, 0.6388888888888888, 0.6666666666666666, 0.75, 0.8611111111111112, 0.8611111111111112, 0.5555555555555556, 0.9444444444444444, 0.8333333333333334, 0.75, 0.75, 0.8055555555555556], "ids": [24, 35, 30, 9, 38, 20, 29, 5, 36, 18, 26, 37]}