{"name": "./results/random_stress/trailNum19_groupNum2.json", "avg_acc": [0.9166666666666666, 0.8333333333333334, 0.6666666666666666, 0.8611111111111112, 0.5, 0.7777777777777778, 0.5833333333333334, 0.7777777777777778, 0.5555555555555556, 0.7222222222222222, 0.7222222222222222, 0.6944444444444444], "ids": [7, 25, 12, 32, 4, 29, 22, 14, 34, 5, 36, 15]}