{"name": "./results/random_stress/trailNum83_groupNum0.json", "avg_acc": [0.8888888888888888, 0.6666666666666666, 0.9444444444444444, 0.6388888888888888, 0.7, 0.5, 0.6944444444444444, 0.7777777777777778, 0.8333333333333334, 0.7222222222222222, 0.9166666666666666, 0.8888888888888888, 0.7222222222222222, 0.8333333333333334], "ids": [13, 7, 4, 36, 26, 19, 14, 31, 24, 35, 38, 0, 2, 28]}