{"name": "./results/random_stress/trailNum50_groupNum0.json", "avg_acc": [0.8611111111111112, 0.8055555555555556, 0.8333333333333334, 0.6111111111111112, 0.6944444444444444, 0.7333333333333333, 0.6666666666666666, 0.6388888888888888, 0.6666666666666666, 0.6666666666666666, 0.7222222222222222, 0.8055555555555556, 0.6388888888888888, 0.7], "ids": [34, 22, 9, 39, 7, 5, 1, 10, 6, 17, 30, 18, 13, 28]}