{"name": "./results/random_stress/trailNum83_groupNum1.json", "avg_acc": [0.7777777777777778, 0.5833333333333334, 0.6666666666666666, 0.7666666666666667, 0.5333333333333333, 0.8055555555555556, 0.6388888888888888, 0.5833333333333334, 0.6388888888888888, 0.7777777777777778, 0.5277777777777778, 0.8611111111111112, 0.6666666666666666, 0.5555555555555556], "ids": [9, 12, 22, 34, 29, 11, 23, 10, 3, 21, 30, 32, 8, 15]}