{"name": "./results/random_stress/trailNum89_groupNum0.json", "avg_acc": [0.8333333333333334, 0.75, 0.6666666666666666, 0.8611111111111112, 0.8611111111111112, 0.6944444444444444, 0.8611111111111112, 0.8333333333333334, 0.7777777777777778, 0.8333333333333334, 0.8055555555555556, 0.6944444444444444, 0.6944444444444444, 0.8333333333333334], "ids": [4, 3, 30, 18, 1, 20, 8, 31, 2, 12, 33, 37, 38, 6]}