{"name": "./results/random_stress/trailNum98_groupNum1.json", "avg_acc": [0.6944444444444444, 0.8888888888888888, 0.7333333333333333, 0.4666666666666667, 0.8888888888888888, 0.6944444444444444, 0.7222222222222222, 0.75, 0.75, 0.8333333333333334, 0.8888888888888888, 0.8611111111111112, 0.6944444444444444, 0.7333333333333333], "ids": [35, 10, 23, 20, 4, 36, 17, 3, 11, 39, 24, 26, 31, 12]}