{"name": "./results/random_stress/trailNum30_groupNum1.json", "avg_acc": [0.8333333333333334, 0.6111111111111112, 0.9166666666666666, 0.75, 0.5833333333333334, 0.7777777777777778, 0.6111111111111112, 0.8333333333333334, 0.7222222222222222, 0.5555555555555556, 0.8888888888888888, 0.8611111111111112, 0.6666666666666666, 0.6388888888888888], "ids": [21, 25, 27, 32, 3, 1, 31, 15, 9, 24, 20, 30, 5, 34]}