{"name": "./results/random_stress/trailNum6_groupNum1.json", "avg_acc": [0.6666666666666666, 0.9166666666666666, 0.75, 0.8333333333333334, 0.6666666666666666, 0.5555555555555556, 0.5833333333333334, 0.7222222222222222, 0.6944444444444444, 0.8611111111111112, 0.8611111111111112, 0.6944444444444444, 0.8333333333333334, 0.8333333333333334], "ids": [28, 8, 4, 3, 6, 35, 14, 38, 33, 24, 21, 5, 30, 31]}