{"name": "./results/random_stress/trailNum81_groupNum0.json", "avg_acc": [0.6388888888888888, 0.9444444444444444, 0.6666666666666666, 0.6666666666666666, 0.6333333333333333, 0.6666666666666666, 0.4444444444444444, 0.6388888888888888, 0.75, 0.75, 0.75, 0.5833333333333334, 0.8333333333333334, 0.6], "ids": [26, 3, 4, 34, 23, 13, 20, 38, 39, 19, 8, 10, 9, 14]}