{"name": "./results/random_stress/trailNum67_groupNum0.json", "avg_acc": [0.9166666666666666, 0.7777777777777778, 0.6944444444444444, 0.6944444444444444, 0.7777777777777778, 0.5, 0.75, 0.8055555555555556, 0.6944444444444444, 0.75, 0.8055555555555556, 0.6388888888888888, 0.6111111111111112, 0.8333333333333334], "ids": [7, 17, 20, 15, 0, 23, 8, 34, 14, 36, 1, 38, 12, 16]}