{"name": "./results/random_stress/trailNum4_groupNum0.json", "avg_acc": [0.75, 0.6666666666666666, 0.8611111111111112, 0.8333333333333334, 0.8055555555555556, 0.7, 0.7222222222222222, 0.6111111111111112, 0.6111111111111112, 0.8333333333333334, 0.7222222222222222, 0.5555555555555556, 0.9166666666666666, 0.7777777777777778], "ids": [4, 6, 38, 29, 5, 28, 26, 13, 2, 3, 22, 30, 15, 17]}