{"name": "./results/random_stress/trailNum77_groupNum0.json", "avg_acc": [0.8055555555555556, 0.6111111111111112, 0.9166666666666666, 0.8611111111111112, 0.7222222222222222, 0.4444444444444444, 0.8611111111111112, 0.6944444444444444, 0.9444444444444444, 0.6666666666666666, 0.8611111111111112, 0.75, 0.6944444444444444, 0.8055555555555556], "ids": [14, 38, 9, 29, 30, 4, 26, 35, 37, 1, 36, 6, 32, 3]}