{"name": "./results/random_stress/trailNum98_groupNum0.json", "avg_acc": [0.8888888888888888, 0.8333333333333334, 0.6666666666666666, 0.7333333333333333, 0.6111111111111112, 0.75, 0.75, 0.5833333333333334, 0.5833333333333334, 0.5555555555555556, 0.7222222222222222, 0.8611111111111112, 0.8055555555555556, 0.8055555555555556], "ids": [27, 21, 16, 38, 28, 19, 7, 6, 1, 13, 18, 15, 30, 33]}