{"name": "./results/random_stress/trailNum87_groupNum1.json", "avg_acc": [0.7777777777777778, 0.8611111111111112, 0.5833333333333334, 0.8333333333333334, 0.7666666666666667, 0.6111111111111112, 0.6944444444444444, 0.75, 0.5833333333333334, 0.6944444444444444, 0.8055555555555556, 0.6111111111111112, 0.8611111111111112, 0.7333333333333333], "ids": [20, 7, 18, 13, 15, 19, 36, 12, 39, 6, 5, 38, 31, 17]}