{"name": "./results/random_stress/trailNum16_groupNum2.json", "avg_acc": [0.9444444444444444, 0.6388888888888888, 0.5833333333333334, 0.7777777777777778, 0.4666666666666667, 0.8888888888888888, 0.7666666666666667, 0.5833333333333334, 0.75, 0.8611111111111112, 0.7222222222222222, 0.8611111111111112], "ids": [21, 7, 35, 13, 36, 12, 9, 4, 11, 38, 23, 8]}