{"name": "./results/random_stress/trailNum90_groupNum0.json", "avg_acc": [0.6666666666666666, 0.8611111111111112, 0.6333333333333333, 0.6666666666666666, 0.75, 0.6944444444444444, 0.5833333333333334, 0.8333333333333334, 0.75, 0.75, 0.6666666666666666, 0.8611111111111112, 0.7222222222222222, 0.8055555555555556], "ids": [6, 18, 10, 35, 38, 34, 20, 28, 17, 2, 24, 36, 25, 21]}