{"name": "./results/random_stress/trailNum58_groupNum1.json", "avg_acc": [0.8055555555555556, 0.75, 0.6388888888888888, 0.8, 0.5666666666666667, 0.7, 0.6944444444444444, 0.6666666666666666, 0.5555555555555556, 0.8888888888888888, 0.6111111111111112, 0.6666666666666666, 0.8611111111111112, 0.7333333333333333], "ids": [23, 4, 7, 27, 21, 18, 39, 30, 11, 28, 13, 5, 17, 10]}