{"name": "./results/random_stress/trailNum71_groupNum0.json", "avg_acc": [0.8888888888888888, 0.75, 0.6666666666666666, 0.8888888888888888, 0.8888888888888888, 0.6388888888888888, 0.6666666666666666, 0.7777777777777778, 0.7777777777777778, 0.5, 0.7222222222222222, 0.6111111111111112, 0.8888888888888888, 0.8333333333333334], "ids": [0, 17, 3, 27, 12, 25, 26, 38, 32, 4, 34, 1, 18, 35]}