{"name": "./results/random_stress/trailNum67_groupNum1.json", "avg_acc": [0.6388888888888888, 0.8888888888888888, 0.7222222222222222, 0.7333333333333333, 0.5333333333333333, 0.75, 0.5555555555555556, 0.6666666666666666, 0.6666666666666666, 0.7777777777777778, 0.8611111111111112, 0.8333333333333334, 0.8333333333333334, 0.6944444444444444], "ids": [4, 9, 10, 11, 37, 2, 21, 18, 30, 22, 31, 25, 26, 35]}