{"name": "./results/random_stress/trailNum12_groupNum2.json", "avg_acc": [0.7777777777777778, 0.8055555555555556, 0.75, 0.6666666666666666, 0.6666666666666666, 0.8611111111111112, 0.6944444444444444, 0.6388888888888888, 0.7777777777777778, 0.7222222222222222, 0.6944444444444444, 0.7], "ids": [1, 8, 7, 37, 3, 33, 39, 2, 12, 25, 31, 28]}