{"name": "./results/random_stress/trailNum15_groupNum0.json", "avg_acc": [0.75, 0.7222222222222222, 0.8611111111111112, 0.7222222222222222, 0.6944444444444444, 0.75, 0.7222222222222222, 0.5555555555555556, 0.8055555555555556, 0.8055555555555556, 0.6388888888888888, 0.7777777777777778, 0.6388888888888888, 0.7777777777777778], "ids": [36, 23, 21, 30, 34, 38, 3, 8, 20, 16, 5, 9, 2, 35]}