{"name": "./results/random_stress/trailNum96_groupNum1.json", "avg_acc": [0.8611111111111112, 0.6944444444444444, 0.8888888888888888, 0.8333333333333334, 0.8, 0.5833333333333334, 0.6666666666666666, 0.5555555555555556, 0.75, 0.7222222222222222, 0.5833333333333334, 0.7222222222222222, 0.7222222222222222, 0.7777777777777778], "ids": [20, 5, 28, 2, 10, 4, 15, 33, 0, 19, 18, 24, 32, 27]}