{"name": "./results/random_stress/trailNum20_groupNum2.json", "avg_acc": [0.8611111111111112, 0.6388888888888888, 0.6388888888888888, 0.6333333333333333, 0.6111111111111112, 0.6388888888888888, 0.8611111111111112, 0.8333333333333334, 0.8333333333333334, 0.6666666666666666, 0.7222222222222222, 0.8611111111111112], "ids": [2, 26, 10, 35, 31, 0, 32, 21, 33, 30, 7, 22]}