{"name": "./results/random_stress/trailNum70_groupNum0.json", "avg_acc": [0.7222222222222222, 0.8611111111111112, 0.4, 0.8888888888888888, 0.7666666666666667, 0.5833333333333334, 0.6944444444444444, 0.7222222222222222, 0.5277777777777778, 0.6944444444444444, 0.5555555555555556, 0.7222222222222222, 0.75, 0.8333333333333334], "ids": [28, 38, 20, 37, 29, 15, 27, 17, 13, 11, 6, 1, 12, 36]}