{"name": "./results/random_stress/trailNum25_groupNum2.json", "avg_acc": [0.6944444444444444, 0.8, 0.6, 0.7777777777777778, 0.7083333333333334, 0.75, 0.5833333333333334, 0.6666666666666666, 0.7222222222222222, 0.6111111111111112, 0.8055555555555556, 0.6666666666666666], "ids": [20, 33, 36, 28, 15, 11, 18, 34, 9, 35, 21, 10]}