{"name": "./results/random_stress/trailNum95_groupNum0.json", "avg_acc": [0.7222222222222222, 0.6388888888888888, 0.6944444444444444, 0.8611111111111112, 0.5277777777777778, 0.6666666666666666, 0.7777777777777778, 0.6944444444444444, 0.5555555555555556, 0.5833333333333334, 0.7777777777777778, 0.7222222222222222, 0.5833333333333334, 0.6111111111111112], "ids": [17, 2, 34, 16, 24, 12, 19, 14, 8, 29, 15, 7, 21, 28]}