{"name": "./results/random_stress/trailNum73_groupNum1.json", "avg_acc": [0.8888888888888888, 0.75, 0.4666666666666667, 0.8055555555555556, 0.6666666666666666, 0.625, 0.6388888888888888, 0.75, 0.7777777777777778, 0.7222222222222222, 0.8888888888888888, 0.7222222222222222, 0.8055555555555556, 0.7], "ids": [9, 11, 37, 36, 28, 16, 22, 39, 24, 17, 31, 4, 18, 26]}