{"name": "./results/random_stress/trailNum26_groupNum2.json", "avg_acc": [0.8333333333333334, 0.6111111111111112, 0.7666666666666667, 0.5, 0.8055555555555556, 0.6666666666666666, 0.8333333333333334, 0.5, 0.7777777777777778, 0.6944444444444444, 0.75, 0.7666666666666667], "ids": [25, 18, 39, 19, 10, 6, 7, 32, 17, 20, 15, 14]}