{"name": "./results/random_stress/trailNum49_groupNum1.json", "avg_acc": [0.8888888888888888, 0.6111111111111112, 0.5, 0.7083333333333334, 0.6388888888888888, 0.5833333333333334, 0.75, 0.6666666666666666, 0.8333333333333334, 0.6944444444444444, 0.6944444444444444, 0.6388888888888888, 0.8611111111111112, 0.75], "ids": [18, 36, 32, 30, 34, 22, 35, 0, 2, 21, 11, 33, 23, 25]}