{"name": "./results/random_stress/trailNum7_groupNum0.json", "avg_acc": [0.8611111111111112, 0.8055555555555556, 0.9166666666666666, 0.8055555555555556, 0.8888888888888888, 0.8333333333333334, 0.7083333333333334, 0.5277777777777778, 0.8055555555555556, 0.7222222222222222, 0.6666666666666666, 0.6388888888888888, 0.8055555555555556, 0.6666666666666666], "ids": [1, 29, 19, 16, 0, 24, 4, 27, 33, 18, 12, 6, 34, 25]}