{"name": "./results/random_stress/trailNum62_groupNum2.json", "avg_acc": [0.8611111111111112, 0.6666666666666666, 0.8888888888888888, 0.8333333333333334, 0.6388888888888888, 0.75, 0.7083333333333334, 0.5833333333333334, 0.75, 0.8055555555555556, 0.6666666666666666, 0.8333333333333334], "ids": [8, 28, 35, 5, 32, 19, 16, 18, 3, 0, 30, 4]}