{"name": "./results/random_stress/trailNum24_groupNum0.json", "avg_acc": [0.8888888888888888, 0.8611111111111112, 0.8055555555555556, 0.6388888888888888, 0.7222222222222222, 0.7, 0.6111111111111112, 0.6388888888888888, 0.6388888888888888, 0.8333333333333334, 0.5277777777777778, 0.6944444444444444, 0.5, 0.7222222222222222], "ids": [22, 21, 5, 19, 37, 0, 34, 26, 9, 32, 6, 13, 7, 27]}