{"name": "./results/random_stress/trailNum37_groupNum2.json", "avg_acc": [0.8888888888888888, 0.75, 0.7666666666666667, 0.4666666666666667, 0.8055555555555556, 0.7333333333333333, 0.8055555555555556, 0.6388888888888888, 0.5833333333333334, 0.8333333333333334, 0.6388888888888888, 0.7777777777777778], "ids": [16, 23, 29, 11, 10, 5, 17, 21, 9, 12, 38, 13]}