{"name": "./results/random_stress/trailNum90_groupNum2.json", "avg_acc": [0.9166666666666666, 0.8611111111111112, 0.7222222222222222, 0.8611111111111112, 0.9166666666666666, 0.6111111111111112, 0.7222222222222222, 0.5666666666666667, 0.5277777777777778, 0.6388888888888888, 0.8611111111111112, 0.8333333333333334], "ids": [3, 0, 9, 1, 14, 11, 23, 22, 5, 4, 26, 8]}