{"name": "./results/random_stress/trailNum66_groupNum1.json", "avg_acc": [0.8611111111111112, 0.8055555555555556, 0.7222222222222222, 0.9166666666666666, 0.8333333333333334, 0.6111111111111112, 0.5333333333333333, 0.6388888888888888, 0.8055555555555556, 0.8333333333333334, 0.6388888888888888, 0.6111111111111112, 0.7777777777777778, 0.75], "ids": [37, 2, 23, 5, 7, 6, 29, 1, 16, 14, 25, 11, 3, 33]}