{"name": "./results/random_stress/trailNum86_groupNum0.json", "avg_acc": [0.6944444444444444, 0.8611111111111112, 0.6111111111111112, 0.6944444444444444, 0.7333333333333333, 0.7, 0.5833333333333334, 0.75, 0.75, 0.6944444444444444, 0.5833333333333334, 0.6666666666666666, 0.8888888888888888, 0.6666666666666666], "ids": [10, 15, 39, 20, 4, 8, 7, 18, 13, 35, 3, 21, 16, 31]}