{"name": "./results/random_stress/trailNum19_groupNum1.json", "avg_acc": [0.8611111111111112, 0.8611111111111112, 0.6111111111111112, 0.7333333333333333, 0.75, 0.7777777777777778, 0.7777777777777778, 0.8333333333333334, 0.5833333333333334, 0.8333333333333334, 0.6666666666666666, 0.9166666666666666, 0.7222222222222222, 0.8055555555555556], "ids": [20, 37, 30, 24, 38, 6, 33, 23, 0, 8, 35, 27, 16, 13]}