{"name": "./results/random_stress/trailNum22_groupNum0.json", "avg_acc": [0.8611111111111112, 0.7777777777777778, 0.9166666666666666, 0.8611111111111112, 0.7222222222222222, 0.7333333333333333, 0.6944444444444444, 0.625, 0.6944444444444444, 0.75, 0.6666666666666666, 0.8333333333333334, 0.8055555555555556, 0.6111111111111112], "ids": [26, 13, 34, 20, 31, 4, 23, 24, 8, 2, 18, 5, 17, 0]}