{"name": "./results/random_stress/trailNum18_groupNum1.json", "avg_acc": [0.8055555555555556, 0.7333333333333333, 0.7, 0.6944444444444444, 0.5416666666666666, 0.5833333333333334, 0.6111111111111112, 0.8611111111111112, 0.6111111111111112, 0.6944444444444444, 0.8055555555555556, 0.7222222222222222, 0.7222222222222222, 0.8666666666666667], "ids": [18, 36, 17, 10, 13, 33, 28, 27, 21, 39, 1, 22, 30, 24]}