{"name": "./results/random_stress/trailNum27_groupNum1.json", "avg_acc": [0.8333333333333334, 0.8611111111111112, 0.9166666666666666, 0.8333333333333334, 0.6388888888888888, 0.6111111111111112, 0.8055555555555556, 0.75, 0.6666666666666666, 0.5833333333333334, 0.8333333333333334, 0.75, 0.5833333333333334, 0.6666666666666666], "ids": [4, 37, 33, 6, 1, 17, 19, 34, 23, 20, 28, 29, 0, 30]}