{"name": "./results/random_stress/trailNum33_groupNum0.json", "avg_acc": [0.6666666666666666, 0.6333333333333333, 0.5277777777777778, 0.6666666666666666, 0.625, 0.5277777777777778, 0.6111111111111112, 0.7777777777777778, 0.6388888888888888, 0.6111111111111112, 0.8888888888888888, 0.7222222222222222, 0.7222222222222222, 0.8333333333333334], "ids": [38, 14, 36, 18, 30, 10, 19, 28, 7, 21, 17, 29, 33, 24]}