{"name": "./results/random_stress/trailNum54_groupNum1.json", "avg_acc": [0.8611111111111112, 0.8611111111111112, 0.7333333333333333, 0.7333333333333333, 0.4444444444444444, 0.75, 0.5833333333333334, 0.6388888888888888, 0.6388888888888888, 0.7777777777777778, 0.75, 0.5277777777777778, 0.8055555555555556, 0.7333333333333333], "ids": [13, 10, 18, 28, 33, 27, 38, 31, 39, 0, 4, 34, 29, 14]}