{"name": "./results/random_stress/trailNum26_groupNum0.json", "avg_acc": [0.7222222222222222, 0.8333333333333334, 0.8333333333333334, 0.6944444444444444, 0.75, 0.8611111111111112, 0.75, 0.7777777777777778, 0.7777777777777778, 0.8611111111111112, 0.5555555555555556, 0.6388888888888888, 0.6944444444444444, 0.7777777777777778], "ids": [8, 12, 4, 9, 38, 16, 2, 26, 24, 23, 34, 36, 27, 5]}