{"name": "./results/random_stress/trailNum58_groupNum0.json", "avg_acc": [0.8888888888888888, 0.6388888888888888, 0.7222222222222222, 0.8888888888888888, 0.4444444444444444, 0.8055555555555556, 0.8611111111111112, 0.7222222222222222, 0.8611111111111112, 0.6666666666666666, 0.7222222222222222, 0.75, 0.7222222222222222, 0.7777777777777778], "ids": [9, 12, 14, 24, 26, 32, 16, 38, 3, 29, 34, 25, 0, 33]}