{"name": "./results/random_stress/trailNum59_groupNum2.json", "avg_acc": [0.6388888888888888, 0.8333333333333334, 0.8333333333333334, 0.7333333333333333, 0.6944444444444444, 0.6111111111111112, 0.7222222222222222, 0.6388888888888888, 0.8333333333333334, 0.8611111111111112, 0.8611111111111112, 0.8611111111111112], "ids": [22, 38, 23, 5, 12, 3, 17, 31, 26, 35, 13, 25]}