{"name": "./results/random_stress/trailNum10_groupNum0.json", "avg_acc": [0.7777777777777778, 0.7222222222222222, 0.6388888888888888, 0.6666666666666666, 0.5555555555555556, 0.6944444444444444, 0.7083333333333334, 0.5277777777777778, 0.8333333333333334, 0.5, 0.75, 0.8333333333333334, 0.8333333333333334, 0.8], "ids": [24, 38, 8, 35, 39, 13, 2, 27, 28, 17, 18, 15, 3, 21]}