{"name": "./results/random_stress/trailNum78_groupNum0.json", "avg_acc": [0.6666666666666666, 0.8888888888888888, 0.7777777777777778, 0.6944444444444444, 0.8611111111111112, 0.8055555555555556, 0.8333333333333334, 0.6111111111111112, 0.6944444444444444, 0.5555555555555556, 0.75, 0.75, 0.7777777777777778, 0.7666666666666667], "ids": [4, 9, 2, 12, 8, 39, 32, 34, 36, 26, 27, 38, 16, 37]}