{"name": "./results/random_stress/trailNum79_groupNum1.json", "avg_acc": [0.6944444444444444, 0.6111111111111112, 0.4, 0.8611111111111112, 0.6666666666666666, 0.75, 0.75, 0.8611111111111112, 0.6388888888888888, 0.5555555555555556, 0.8333333333333334, 0.7777777777777778, 0.7777777777777778, 0.7333333333333333], "ids": [8, 20, 12, 15, 11, 29, 26, 36, 37, 1, 39, 24, 35, 34]}