{"name": "./results/random_stress/trailNum87_groupNum0.json", "avg_acc": [0.8888888888888888, 0.8055555555555556, 0.5277777777777778, 0.7666666666666667, 0.5333333333333333, 0.6944444444444444, 0.7777777777777778, 0.7777777777777778, 0.5833333333333334, 0.4722222222222222, 0.6666666666666666, 0.7777777777777778, 0.5833333333333334, 0.6944444444444444], "ids": [1, 10, 27, 0, 24, 37, 11, 34, 26, 8, 29, 32, 22, 33]}