{"name": "./results/random_stress/trailNum79_groupNum0.json", "avg_acc": [0.6111111111111112, 0.6944444444444444, 0.6666666666666666, 0.7, 0.6388888888888888, 0.7083333333333334, 0.6111111111111112, 0.7222222222222222, 0.7777777777777778, 0.6666666666666666, 0.75, 0.7222222222222222, 0.6388888888888888, 0.8333333333333334], "ids": [17, 33, 38, 28, 13, 30, 9, 25, 7, 18, 32, 23, 19, 10]}