{"name": "./results/random_stress/trailNum54_groupNum0.json", "avg_acc": [0.7777777777777778, 0.8333333333333334, 0.6388888888888888, 0.6944444444444444, 0.43333333333333335, 0.8888888888888888, 0.8055555555555556, 0.6111111111111112, 0.6944444444444444, 0.8055555555555556, 0.8055555555555556, 0.7222222222222222, 0.6944444444444444, 0.6944444444444444], "ids": [37, 2, 16, 26, 11, 36, 12, 32, 25, 8, 20, 7, 6, 17]}