{"name": "./results/random_stress/trailNum61_groupNum1.json", "avg_acc": [0.8611111111111112, 0.7222222222222222, 0.6666666666666666, 0.7777777777777778, 0.625, 0.7222222222222222, 0.5833333333333334, 0.8333333333333334, 0.8333333333333334, 0.6944444444444444, 0.8888888888888888, 0.7777777777777778, 0.6666666666666666, 0.6944444444444444], "ids": [13, 1, 28, 9, 21, 36, 34, 20, 24, 30, 18, 26, 16, 32]}