{"name": "./results/random_stress/trailNum88_groupNum1.json", "avg_acc": [0.7777777777777778, 0.6111111111111112, 0.6666666666666666, 0.4722222222222222, 0.6944444444444444, 0.6388888888888888, 0.4722222222222222, 0.7222222222222222, 0.8611111111111112, 0.6111111111111112, 0.7222222222222222, 0.6388888888888888, 0.9166666666666666, 0.8333333333333334], "ids": [25, 26, 2, 14, 27, 39, 10, 19, 16, 17, 30, 7, 28, 29]}