{"name": "./results/random_stress/trailNum74_groupNum0.json", "avg_acc": [0.8611111111111112, 0.7222222222222222, 0.8333333333333334, 0.8055555555555556, 0.7222222222222222, 0.6944444444444444, 0.5666666666666667, 0.7777777777777778, 0.6388888888888888, 0.7222222222222222, 0.5555555555555556, 0.8333333333333334, 0.7777777777777778, 0.6388888888888888], "ids": [16, 8, 9, 29, 6, 1, 33, 2, 31, 10, 22, 24, 36, 4]}