{"name": "./results/random_stress/trailNum43_groupNum2.json", "avg_acc": [0.9166666666666666, 0.8055555555555556, 0.7333333333333333, 0.9166666666666666, 0.6666666666666666, 0.7777777777777778, 0.5, 0.5, 0.8333333333333334, 0.6388888888888888, 0.8888888888888888, 0.7222222222222222], "ids": [35, 36, 25, 32, 29, 0, 31, 10, 12, 27, 22, 6]}