{"name": "./results/random_stress/trailNum24_groupNum1.json", "avg_acc": [0.7777777777777778, 0.7777777777777778, 0.7222222222222222, 0.6944444444444444, 0.7777777777777778, 0.6944444444444444, 0.7083333333333334, 0.75, 0.7777777777777778, 0.6944444444444444, 0.6944444444444444, 0.6944444444444444, 0.8055555555555556, 0.6944444444444444], "ids": [25, 2, 15, 36, 23, 18, 17, 28, 31, 1, 3, 24, 16, 29]}