{"name": "./results/random_stress/trailNum44_groupNum1.json", "avg_acc": [0.6111111111111112, 0.5833333333333334, 0.8611111111111112, 0.6944444444444444, 0.4444444444444444, 0.6944444444444444, 0.5555555555555556, 0.8333333333333334, 0.8055555555555556, 0.5833333333333334, 0.75, 0.6388888888888888, 0.7222222222222222, 0.8], "ids": [27, 25, 14, 9, 36, 3, 22, 32, 6, 24, 17, 34, 2, 39]}