{"name": "./results/random_stress/trailNum14_groupNum1.json", "avg_acc": [0.8888888888888888, 0.6944444444444444, 0.8888888888888888, 0.6944444444444444, 0.4, 0.6666666666666666, 0.75, 0.6388888888888888, 0.5833333333333334, 0.5277777777777778, 0.8333333333333334, 0.8333333333333334, 0.5833333333333334, 0.8333333333333334], "ids": [35, 34, 3, 0, 31, 9, 20, 13, 29, 30, 11, 22, 4, 27]}