{"name": "./results/random_stress/trailNum13_groupNum0.json", "avg_acc": [0.7777777777777778, 0.6388888888888888, 0.6111111111111112, 0.7222222222222222, 0.6944444444444444, 0.7, 0.6388888888888888, 0.5555555555555556, 0.6388888888888888, 0.7777777777777778, 0.9166666666666666, 0.8055555555555556, 0.6944444444444444, 0.8333333333333334], "ids": [36, 19, 9, 3, 8, 2, 33, 24, 13, 7, 38, 15, 30, 20]}