{"name": "./results/random_stress/trailNum6_groupNum2.json", "avg_acc": [0.8333333333333334, 0.7777777777777778, 0.75, 0.6666666666666666, 0.8611111111111112, 0.7777777777777778, 0.6666666666666666, 0.5833333333333334, 0.6666666666666666, 0.8055555555555556, 0.6111111111111112, 0.6666666666666666], "ids": [1, 2, 22, 26, 9, 10, 39, 16, 34, 12, 17, 19]}