{
    "../data/33/neg_and_net/neg/male_0/rf": [
        0.5,
        0.5,
        0.5,
        0.5,
        0.5,
        0.5,
        0.5,
        0.5,
        0.5,
        0.5,
        0.5,
        0.5,
        0.5,
        0.5,
        0.5,
        0.5,
        0.5,
        0.5
    ],
    "../data/33/neg_and_net/neg/male_0/rf/removed": [
        0.5,
        0.4722222222222222,
        0.5555555555555556,
        0.5277777777777778,
        0.4861111111111111,
        0.625,
        0.5555555555555556,
        0.625,
        0.5138888888888888,
        0.4305555555555556,
        0.5833333333333334,
        0.5972222222222222,
        0.5138888888888888,
        0.4861111111111111,
        0.5972222222222222,
        0.4583333333333333,
        0.5416666666666666
    ],
    "../data/33/neg_and_net/neg/female_0/rf": [
        0.5,
        0.5,
        0.5,
        0.5,
        0.5,
        0.5,
        0.5,
        0.5,
        0.5,
        0.5,
        0.5,
        0.5555555555555556,
        0.5,
        0.5,
        0.5
    ],
    "../data/33/neg_and_net/neg/combined_0/rf": [
        0.5,
        0.5,
        0.5,
        0.5,
        0.5,
        0.5,
        0.5,
        0.5,
        0.5,
        0.5,
        0.5,
        0.5,
        0.5,
        0.5,
        0.5,
        0.5,
        0.5,
        0.5,
        0.5,
        0.5,
        0.5,
        0.5,
        0.5,
        0.5,
        0.5,
        0.5,
        0.5,
        0.5,
        0.5,
        0.5,
        0.5,
        0.5,
        0.5
    ],
    "../data/33/neg_and_net/net/male_0/rf": [
        0.5,
        0.4583333333333333,
        0.5694444444444444,
        0.5,
        0.3888888888888889,
        0.5555555555555556,
        0.4583333333333333,
        0.4444444444444444,
        0.625,
        0.4861111111111111,
        0.4722222222222222,
        0.5,
        0.5,
        0.4861111111111111,
        0.5277777777777778,
        0.5138888888888888,
        0.5972222222222222,
        0.5277777777777778
    ],
    "../data/33/neg_and_net/net/female_0/rf": [
        0.5,
        0.4861111111111111,
        0.5416666666666666,
        0.5,
        0.5416666666666666,
        0.5,
        0.5,
        0.5416666666666666,
        0.5833333333333334,
        0.5277777777777778,
        0.5555555555555556,
        0.4861111111111111,
        0.4583333333333333,
        0.5,
        0.4305555555555556
    ],
    "../data/33/neg_and_net/net/combined_0/rf": [
        0.5416666666666666,
        0.4722222222222222,
        0.5277777777777778,
        0.4722222222222222,
        0.4722222222222222,
        0.4861111111111111,
        0.4444444444444444,
        0.4305555555555556,
        0.5555555555555556,
        0.5,
        0.5,
        0.5,
        0.5138888888888888,
        0.6527777777777778,
        0.5,
        0.5,
        0.5138888888888888,
        0.4722222222222222,
        0.5833333333333334,
        0.5694444444444444,
        0.4861111111111111,
        0.4722222222222222,
        0.5694444444444444,
        0.5555555555555556,
        0.4583333333333333,
        0.5,
        0.4722222222222222,
        0.4722222222222222,
        0.4166666666666667,
        0.5,
        0.5555555555555556,
        0.5555555555555556,
        0.4861111111111111
    ],
    "../data/33/neg_to_net/male_0/rf": [
        0.6388888888888888,
        0.7222222222222222,
        0.5833333333333334,
        0.5555555555555556,
        0.5833333333333334,
        0.5833333333333334,
        0.75,
        0.7222222222222222,
        0.4722222222222222,
        0.5277777777777778,
        0.4722222222222222,
        0.5,
        0.5833333333333334,
        0.5277777777777778,
        0.5,
        0.5833333333333334,
        0.6111111111111112,
        0.5833333333333334
    ],
    "../data/33/neg_to_net/female_0/rf": [
        0.6111111111111112,
        0.5555555555555556,
        0.6111111111111112,
        0.5277777777777778,
        0.6388888888888888,
        0.5833333333333334,
        0.5277777777777778,
        0.6111111111111112,
        0.7777777777777778,
        0.5833333333333334,
        0.6111111111111112,
        0.5277777777777778,
        0.5,
        0.5277777777777778,
        0.5277777777777778
    ],
    "../data/33/neg_to_net/combined_0/rf": [
        0.6944444444444444,
        0.6666666666666666,
        0.5555555555555556,
        0.5277777777777778,
        0.6111111111111112,
        0.5833333333333334,
        0.6944444444444444,
        0.6944444444444444,
        0.4722222222222222,
        0.4444444444444444,
        0.5555555555555556,
        0.5,
        0.5277777777777778,
        0.5277777777777778,
        0.4722222222222222,
        0.5555555555555556,
        0.5277777777777778,
        0.6666666666666666,
        0.6111111111111112,
        0.6666666666666666,
        0.5833333333333334,
        0.6666666666666666,
        0.5833333333333334,
        0.6111111111111112,
        0.5555555555555556,
        0.5833333333333334,
        0.7777777777777778,
        0.5,
        0.6388888888888888,
        0.5555555555555556,
        0.5833333333333334,
        0.5833333333333334,
        0.5277777777777778
    ],
    "../data/33/neg_to_net/male_0/rf/removed": [
        0.6944444444444444,
        0.6944444444444444,
        0.5555555555555556,
        0.5555555555555556,
        0.5833333333333334,
        0.5833333333333334,
        0.6388888888888888,
        0.75,
        0.5555555555555556,
        0.5,
        0.5833333333333334,
        0.6666666666666666,
        0.5833333333333334,
        0.4722222222222222,
        0.6388888888888888,
        0.5833333333333334,
        0.75
    ],
    "../data/33/neg_to_net/female_0/rf/removed": [
        0.75,
        0.6111111111111112,
        0.5833333333333334,
        0.6666666666666666,
        0.6111111111111112,
        0.5555555555555556,
        0.5555555555555556,
        0.5833333333333334,
        0.8333333333333334,
        0.5555555555555556,
        0.6111111111111112,
        0.5555555555555556,
        0.6944444444444444,
        0.6666666666666666
    ],
    "../data/33/neg_to_net/mf_0/rf/removed": [
        0.7222222222222222,
        0.75,
        0.6111111111111112,
        0.5,
        0.5833333333333334,
        0.5833333333333334,
        0.6111111111111112,
        0.6666666666666666,
        0.4722222222222222,
        0.5555555555555556,
        0.5555555555555556,
        0.6666666666666666,
        0.5277777777777778,
        0.4166666666666667,
        0.5833333333333334,
        0.5277777777777778,
        0.6388888888888888,
        0.5833333333333334,
        0.5555555555555556,
        0.6944444444444444,
        0.6111111111111112,
        0.6666666666666666,
        0.5277777777777778,
        0.4444444444444444,
        0.75,
        0.5833333333333334,
        0.6388888888888888,
        0.5,
        0.5555555555555556,
        0.5
    ]
}