{"../data/33/neg_and_net/neg/male_0/rf": [0.5, 0.5, 0.5, 0.5, 0.5, 0.5, 0.5, 0.5, 0.5, 0.5, 0.5, 0.5, 0.5, 0.5, 0.5, 0.5, 0.5, 0.5], "../data/33/neg_and_net/neg/male_0/rf/removed": [0.5, 0.4722222222222222, 0.5555555555555556, 0.5277777777777778, 0.4861111111111111, 0.625, 0.5555555555555556, 0.625, 0.5138888888888888, 0.4305555555555556, 0.5833333333333334, 0.5972222222222222, 0.5138888888888888, 0.4861111111111111, 0.5972222222222222, 0.4583333333333333, 0.5416666666666666], "../data/33/neg_and_net/neg/female_0/rf": [0.5, 0.5, 0.5, 0.5, 0.5, 0.5, 0.5, 0.5, 0.5, 0.5, 0.5, 0.5555555555555556, 0.5, 0.5, 0.5], "../data/33/neg_and_net/neg/combined_0/rf": [0.5, 0.5, 0.5, 0.5, 0.5, 0.5, 0.5, 0.5, 0.5, 0.5, 0.5, 0.5, 0.5, 0.5, 0.5, 0.5, 0.5, 0.5, 0.5, 0.5, 0.5, 0.5, 0.5, 0.5, 0.5, 0.5, 0.5, 0.5, 0.5, 0.5, 0.5, 0.5, 0.5], "../data/33/neg_and_net/net/male_0/rf": [0.5, 0.4583333333333333, 0.5694444444444444, 0.5, 0.3888888888888889, 0.5555555555555556, 0.4583333333333333, 0.4444444444444444, 0.625, 0.4861111111111111, 0.4722222222222222, 0.5, 0.5, 0.4861111111111111, 0.5277777777777778, 0.5138888888888888, 0.5972222222222222, 0.5277777777777778], "../data/33/neg_and_net/net/female_0/rf": [0.5, 0.4861111111111111, 0.5416666666666666, 0.5, 0.5416666666666666, 0.5, 0.5, 0.5416666666666666, 0.5833333333333334, 0.5277777777777778, 0.5555555555555556, 0.4861111111111111, 0.4583333333333333, 0.5, 0.4305555555555556], "../data/33/neg_and_net/net/combined_0/rf": [0.5416666666666666, 0.4722222222222222, 0.5277777777777778, 0.4722222222222222, 0.4722222222222222, 0.4861111111111111, 0.4444444444444444, 0.4305555555555556, 0.5555555555555556, 0.5, 0.5, 0.5, 0.5138888888888888, 0.6527777777777778, 0.5, 0.5, 0.5138888888888888, 0.4722222222222222, 0.5833333333333334, 0.5694444444444444, 0.4861111111111111, 0.4722222222222222, 0.5694444444444444, 0.5555555555555556, 0.4583333333333333, 0.5, 0.4722222222222222, 0.4722222222222222, 0.4166666666666667, 0.5, 0.5555555555555556, 0.5555555555555556, 0.4861111111111111], "../data/33/neg_to_net/male_0/rf": [0.6388888888888888, 0.7222222222222222, 0.5833333333333334, 0.5555555555555556, 0.5833333333333334, 0.5833333333333334, 0.75, 0.7222222222222222, 0.4722222222222222, 0.5277777777777778, 0.4722222222222222, 0.5, 0.5833333333333334, 0.5277777777777778, 0.5, 0.5833333333333334, 0.6111111111111112, 0.5833333333333334], "../data/33/neg_to_net/female_0/rf": [0.6111111111111112, 0.5555555555555556, 0.6111111111111112, 0.5277777777777778, 0.6388888888888888, 0.5833333333333334, 0.5277777777777778, 0.6111111111111112, 0.7777777777777778, 0.5833333333333334, 0.6111111111111112, 0.5277777777777778, 0.5, 0.5277777777777778, 0.5277777777777778], "../data/33/neg_to_net/combined_0/rf": [0.6944444444444444, 0.6666666666666666, 0.5555555555555556, 0.5277777777777778, 0.6111111111111112, 0.5833333333333334, 0.6944444444444444, 0.6944444444444444, 0.4722222222222222, 0.4444444444444444, 0.5555555555555556, 0.5, 0.5277777777777778, 0.5277777777777778, 0.4722222222222222, 0.5555555555555556, 0.5277777777777778, 0.6666666666666666, 0.6111111111111112, 0.6666666666666666, 0.5833333333333334, 0.6666666666666666, 0.5833333333333334, 0.6111111111111112, 0.5555555555555556, 0.5833333333333334, 0.7777777777777778, 0.5, 0.6388888888888888, 0.5555555555555556, 0.5833333333333334, 0.5833333333333334, 0.5277777777777778], "../data/33/neg_to_net/male_0/rf/removed": [0.6944444444444444, 0.6944444444444444, 0.5555555555555556, 0.5555555555555556, 0.5833333333333334, 0.5833333333333334, 0.6388888888888888, 0.75, 0.5555555555555556, 0.5, 0.5833333333333334, 0.6666666666666666, 0.5833333333333334, 0.4722222222222222, 0.6388888888888888, 0.5833333333333334, 0.75], "../data/33/neg_to_net/female_0/rf/removed": [0.75, 0.6111111111111112, 0.5833333333333334, 0.6666666666666666, 0.6111111111111112, 0.5555555555555556, 0.5555555555555556, 0.5833333333333334, 0.8333333333333334, 0.5555555555555556, 0.6111111111111112, 0.5555555555555556, 0.6944444444444444, 0.6666666666666666], "../data/33/neg_to_net/mf_0/rf/removed": [0.7222222222222222, 0.75, 0.6111111111111112, 0.5, 0.5833333333333334, 0.5833333333333334, 0.6111111111111112, 0.6666666666666666, 0.4722222222222222, 0.5555555555555556, 0.5555555555555556, 0.6666666666666666, 0.5277777777777778, 0.4166666666666667, 0.5833333333333334, 0.5277777777777778, 0.6388888888888888, 0.5833333333333334, 0.5555555555555556, 0.6944444444444444, 0.6111111111111112, 0.6666666666666666, 0.5277777777777778, 0.4444444444444444, 0.75, 0.5833333333333334, 0.6388888888888888, 0.5, 0.5555555555555556, 0.5], "../data/neg_vs_net/combined_1/boost": [0.5885416666666666, 0.53125, 0.5364583333333334, 0.6197916666666666, 0.515625, 0.6197916666666666, 0.5052083333333334, 0.5572916666666666, 0.5989583333333334, 0.53125, 0.6458333333333334, 0.546875, 0.5208333333333334, 0.609375, 0.5364583333333334, 0.6458333333333334, 0.5384615384615384, 0.5769230769230769, 0.6602564102564102, 0.7083333333333334, 0.6041666666666666, 0.5364583333333334, 0.5416666666666666, 0.546875, 0.59375, 0.5729166666666666, 0.59375, 0.5520833333333334, 0.59375, 0.532051282051282, 0.5448717948717948, 0.6302083333333334, 0.6217948717948718, 0.4791666666666667, 0.6041666666666666, 0.6197916666666666, 0.5364583333333334, 0.5078125, 0.53125, 0.5989583333333334, 0.578125, 0.4791666666666667]}